timestamp, memory.used [MiB], memory.total [MiB], utilization.gpu [%]
2026/10/08 11:59:51.355, 0 MiB, 23034 MiB, 0 %
2026/10/08 11:59:53.355, 0 MiB, 23034 MiB, 0 %
2026/10/08 11:59:55.356, 0 MiB, 23034 MiB, 0 %
2026/10/08 11:59:57.357, 0 MiB, 23034 MiB, 0 %
2026/10/08 11:59:59.357, 0 MiB, 23034 MiB, 0 %
2026/10/08 12:00:01.358, 0 MiB, 23034 MiB, 0 %
2026/10/08 12:00:03.358, 0 MiB, 23034 MiB, 0 %
2026/10/08 12:00:05.359, 0 MiB, 23034 MiB, 0 %
2026/10/08 12:00:07.360, 0 MiB, 23034 MiB, 0 %
2026/10/08 12:00:09.360, 0 MiB, 23034 MiB, 0 %
2026/10/08 12:00:11.361, 0 MiB, 23034 MiB, 0 %
2026/10/08 12:00:13.362, 0 MiB, 23034 MiB, 0 %
2026/10/08 12:00:15.362, 0 MiB, 23034 MiB, 0 %
2026/10/08 12:00:17.363, 0 MiB, 23034 MiB, 0 %
2026/10/08 12:00:19.364, 0 MiB, 23034 MiB, 0 %
2026/10/08 12:00:21.364, 0 MiB, 23034 MiB, 0 %
2026/10/08 12:00:23.365, 0 MiB, 23034 MiB, 0 %
2026/10/08 12:00:25.366, 0 MiB, 23034 MiB, 0 %
2026/10/08 12:00:27.366, 0 MiB, 23034 MiB, 0 %
2026/10/08 12:00:29.367, 0 MiB, 23034 MiB, 0 %
2026/10/08 12:00:31.367, 0 MiB, 23034 MiB, 0 %
2026/10/08 12:00:33.368, 0 MiB, 23034 MiB, 0 %
2026/10/08 12:00:35.368, 0 MiB, 23034 MiB, 0 %
2026/10/08 12:00:37.369, 0 MiB, 23034 MiB, 0 %
2026/10/08 12:00:39.370, 0 MiB, 23034 MiB, 0 %
2026/10/08 12:00:41.370, 0 MiB, 23034 MiB, 0 %
2026/10/08 12:00:43.371, 0 MiB, 23034 MiB, 0 %
2026/10/08 12:00:45.372, 0 MiB, 23034 MiB, 0 %
2026/10/08 12:00:47.372, 0 MiB, 23034 MiB, 0 %
2026/10/08 12:00:49.373, 3 MiB, 23034 MiB, 0 %
2026/10/08 12:00:51.374, 3 MiB, 23034 MiB, 0 %
2026/10/08 12:00:53.374, 1355 MiB, 23034 MiB, 0 %
2026/10/08 12:00:55.375, 1355 MiB, 23034 MiB, 0 %
2026/10/08 12:00:57.376, 1355 MiB, 23034 MiB, 0 %
2026/10/08 12:00:59.376, 1745 MiB, 23034 MiB, 61 %
2026/10/08 12:01:01.377, 1765 MiB, 23034 MiB, 0 %
2026/10/08 12:01:03.377, 1765 MiB, 23034 MiB, 0 %
2026/10/08 12:01:05.378, 0 MiB, 23034 MiB, 0 %
2026/10/08 12:01:07.379, 0 MiB, 23034 MiB, 0 %
2026/10/08 12:01:09.379, 0 MiB, 23034 MiB, 0 %
2026/10/08 12:01:11.380, 0 MiB, 23034 MiB, 0 %
2026/10/08 12:01:13.381, 0 MiB, 23034 MiB, 0 %
2026/10/08 12:01:15.381, 0 MiB, 23034 MiB, 0 %
2026/10/08 12:01:17.382, 0 MiB, 23034 MiB, 0 %
2026/10/08 12:01:19.382, 0 MiB, 23034 MiB, 0 %
2026/10/08 12:01:21.383, 0 MiB, 23034 MiB, 0 %
2026/10/08 12:01:23.383, 0 MiB, 23034 MiB, 0 %
2026/10/08 12:01:25.384, 0 MiB, 23034 MiB, 0 %
2026/10/08 12:01:27.385, 3 MiB, 23034 MiB, 0 %
2026/10/08 12:01:29.385, 3 MiB, 23034 MiB, 0 %
2026/10/08 12:01:31.386, 3 MiB, 23034 MiB, 0 %
2026/10/08 12:01:33.387, 1325 MiB, 23034 MiB, 0 %
2026/10/08 12:01:35.387, 4585 MiB, 23034 MiB, 0 %
2026/10/08 12:01:37.388, 4585 MiB, 23034 MiB, 0 %
2026/10/08 12:01:39.389, 4585 MiB, 23034 MiB, 0 %
2026/10/08 12:01:41.389, 4585 MiB, 23034 MiB, 0 %
2026/10/08 12:01:43.390, 4585 MiB, 23034 MiB, 0 %
2026/10/08 12:01:45.390, 4585 MiB, 23034 MiB, 0 %
2026/10/08 12:01:47.391, 4585 MiB, 23034 MiB, 0 %
2026/10/08 12:01:49.392, 4585 MiB, 23034 MiB, 0 %
2026/10/08 12:01:51.392, 4585 MiB, 23034 MiB, 0 %
2026/10/08 12:01:53.393, 4585 MiB, 23034 MiB, 0 %
2026/10/08 12:01:55.394, 4585 MiB, 23034 MiB, 0 %
2026/10/08 12:01:57.394, 4585 MiB, 23034 MiB, 0 %
2026/10/08 12:01:59.395, 4585 MiB, 23034 MiB, 0 %
2026/10/08 12:02:01.395, 4585 MiB, 23034 MiB, 0 %
2026/10/08 12:02:03.396, 4585 MiB, 23034 MiB, 0 %
2026/10/08 12:02:05.397, 4585 MiB, 23034 MiB, 50 %
2026/10/08 12:02:07.397, 4585 MiB, 23034 MiB, 0 %
2026/10/08 12:02:09.398, 4585 MiB, 23034 MiB, 0 %
2026/10/08 12:02:11.399, 4585 MiB, 23034 MiB, 0 %
2026/10/08 12:02:13.399, 4585 MiB, 23034 MiB, 0 %
2026/10/08 12:02:15.400, 4585 MiB, 23034 MiB, 0 %
2026/10/08 12:02:17.400, 4585 MiB, 23034 MiB, 0 %
2026/10/08 12:02:19.401, 4585 MiB, 23034 MiB, 0 %
2026/10/08 12:02:21.402, 4585 MiB, 23034 MiB, 0 %
2026/10/08 12:02:23.402, 4585 MiB, 23034 MiB, 0 %
2026/10/08 12:02:25.403, 4585 MiB, 23034 MiB, 0 %
2026/10/08 12:02:27.404, 4585 MiB, 23034 MiB, 0 %
2026/10/08 12:02:29.404, 4585 MiB, 23034 MiB, 0 %
2026/10/08 12:02:31.405, 4585 MiB, 23034 MiB, 0 %
2026/10/08 12:02:33.406, 4585 MiB, 23034 MiB, 0 %
2026/10/08 12:02:35.406, 4585 MiB, 23034 MiB, 0 %
2026/10/08 12:02:37.407, 4585 MiB, 23034 MiB, 0 %
2026/10/08 12:02:39.409, 4585 MiB, 23034 MiB, 0 %
2026/10/08 12:02:41.409, 4585 MiB, 23034 MiB, 0 %
2026/10/08 12:02:43.410, 4585 MiB, 23034 MiB, 0 %
2026/10/08 12:02:45.411, 4585 MiB, 23034 MiB, 0 %
2026/10/08 12:02:47.411, 4585 MiB, 23034 MiB, 0 %
2026/10/08 12:02:49.412, 4585 MiB, 23034 MiB, 0 %
2026/10/08 12:02:51.413, 4585 MiB, 23034 MiB, 0 %
2026/10/08 12:02:53.413, 4585 MiB, 23034 MiB, 0 %
2026/10/08 12:02:55.414, 4585 MiB, 23034 MiB, 0 %
2026/10/08 12:02:57.415, 4585 MiB, 23034 MiB, 0 %
2026/10/08 12:02:59.416, 4585 MiB, 23034 MiB, 0 %
2026/10/08 12:03:01.416, 4585 MiB, 23034 MiB, 0 %
2026/10/08 12:03:03.417, 4585 MiB, 23034 MiB, 0 %
2026/10/08 12:03:05.417, 4585 MiB, 23034 MiB, 0 %
2026/10/08 12:03:07.418, 4585 MiB, 23034 MiB, 0 %
2026/10/08 12:03:09.419, 4585 MiB, 23034 MiB, 0 %
2026/10/08 12:03:11.419, 4585 MiB, 23034 MiB, 0 %
2026/10/08 12:03:13.420, 4585 MiB, 23034 MiB, 0 %
2026/10/08 12:03:15.421, 4587 MiB, 23034 MiB, 0 %
2026/10/08 12:03:17.421, 4587 MiB, 23034 MiB, 0 %
2026/10/08 12:03:19.422, 4587 MiB, 23034 MiB, 0 %
2026/10/08 12:03:21.422, 4587 MiB, 23034 MiB, 0 %
2026/10/08 12:03:23.423, 4587 MiB, 23034 MiB, 0 %
2026/10/08 12:03:25.423, 4587 MiB, 23034 MiB, 0 %
2026/10/08 12:03:27.424, 4587 MiB, 23034 MiB, 0 %
2026/10/08 12:03:29.425, 4587 MiB, 23034 MiB, 0 %
2026/10/08 12:03:31.425, 4587 MiB, 23034 MiB, 0 %
2026/10/08 12:03:33.426, 4587 MiB, 23034 MiB, 0 %
2026/10/08 12:03:35.426, 4587 MiB, 23034 MiB, 0 %
2026/10/08 12:03:37.427, 4589 MiB, 23034 MiB, 0 %
2026/10/08 12:03:39.428, 4589 MiB, 23034 MiB, 0 %
2026/10/08 12:03:41.428, 4729 MiB, 23034 MiB, 99 %
2026/10/08 12:03:43.429, 4901 MiB, 23034 MiB, 98 %
2026/10/08 12:03:45.430, 4901 MiB, 23034 MiB, 98 %
2026/10/08 12:03:47.430, 4901 MiB, 23034 MiB, 98 %
2026/10/08 12:03:49.431, 4901 MiB, 23034 MiB, 99 %
2026/10/08 12:03:51.431, 4901 MiB, 23034 MiB, 99 %
2026/10/08 12:03:53.432, 4901 MiB, 23034 MiB, 99 %
2026/10/08 12:03:55.433, 4901 MiB, 23034 MiB, 99 %
2026/10/08 12:03:57.433, 4901 MiB, 23034 MiB, 99 %
2026/10/08 12:03:59.434, 4901 MiB, 23034 MiB, 98 %
2026/10/08 12:04:01.434, 4901 MiB, 23034 MiB, 98 %
2026/10/08 12:04:03.435, 4901 MiB, 23034 MiB, 99 %
2026/10/08 12:04:05.436, 4901 MiB, 23034 MiB, 98 %
2026/10/08 12:04:07.436, 4901 MiB, 23034 MiB, 98 %
2026/10/08 12:04:09.437, 4901 MiB, 23034 MiB, 98 %
2026/10/08 12:04:11.437, 4901 MiB, 23034 MiB, 98 %
2026/10/08 12:04:13.438, 4901 MiB, 23034 MiB, 98 %
2026/10/08 12:04:15.438, 4901 MiB, 23034 MiB, 98 %
2026/10/08 12:04:17.439, 6259 MiB, 23034 MiB, 3 %
2026/10/08 12:04:19.439, 4615 MiB, 23034 MiB, 0 %
2026/10/08 12:04:21.440, 11423 MiB, 23034 MiB, 0 %
2026/10/08 12:04:23.440, 11589 MiB, 23034 MiB, 51 %
2026/10/08 12:04:25.441, 11729 MiB, 23034 MiB, 23 %
2026/10/08 12:04:27.442, 11893 MiB, 23034 MiB, 19 %
2026/10/08 12:04:29.442, 13347 MiB, 23034 MiB, 0 %
2026/10/08 12:04:31.443, 13347 MiB, 23034 MiB, 0 %
2026/10/08 12:04:33.443, 13347 MiB, 23034 MiB, 0 %
2026/10/08 12:04:35.444, 13347 MiB, 23034 MiB, 0 %
2026/10/08 12:04:37.444, 13347 MiB, 23034 MiB, 0 %
2026/10/08 12:04:39.445, 13347 MiB, 23034 MiB, 0 %
2026/10/08 12:04:41.445, 13347 MiB, 23034 MiB, 0 %
2026/10/08 12:04:43.446, 13347 MiB, 23034 MiB, 0 %
2026/10/08 12:04:45.447, 13347 MiB, 23034 MiB, 0 %
2026/10/08 12:04:47.447, 13347 MiB, 23034 MiB, 0 %
2026/10/08 12:04:49.448, 13347 MiB, 23034 MiB, 0 %
2026/10/08 12:04:51.449, 14698 MiB, 23034 MiB, 0 %
2026/10/08 12:04:53.449, 14698 MiB, 23034 MiB, 0 %
2026/10/08 12:04:55.450, 14698 MiB, 23034 MiB, 0 %
2026/10/08 12:04:57.451, 15088 MiB, 23034 MiB, 76 %
2026/10/08 12:04:59.451, 15108 MiB, 23034 MiB, 0 %
2026/10/08 12:05:01.452, 13347 MiB, 23034 MiB, 0 %
2026/10/08 12:05:03.452, 13347 MiB, 23034 MiB, 0 %
2026/10/08 12:05:05.453, 13347 MiB, 23034 MiB, 0 %
2026/10/08 12:05:07.454, 13347 MiB, 23034 MiB, 0 %
2026/10/08 12:05:09.454, 14698 MiB, 23034 MiB, 0 %
2026/10/08 12:05:11.455, 14698 MiB, 23034 MiB, 0 %
2026/10/08 12:05:13.456, 14698 MiB, 23034 MiB, 0 %
2026/10/08 12:05:15.456, 14698 MiB, 23034 MiB, 0 %
2026/10/08 12:05:17.457, 14698 MiB, 23034 MiB, 0 %
2026/10/08 12:05:19.457, 14698 MiB, 23034 MiB, 0 %
2026/10/08 12:05:21.458, 14698 MiB, 23034 MiB, 0 %
2026/10/08 12:05:23.459, 14698 MiB, 23034 MiB, 0 %
2026/10/08 12:05:25.459, 14698 MiB, 23034 MiB, 0 %
2026/10/08 12:05:27.460, 14698 MiB, 23034 MiB, 0 %
2026/10/08 12:05:29.460, 14698 MiB, 23034 MiB, 0 %
2026/10/08 12:05:31.461, 14698 MiB, 23034 MiB, 0 %
2026/10/08 12:05:33.461, 14698 MiB, 23034 MiB, 0 %
2026/10/08 12:05:35.462, 14698 MiB, 23034 MiB, 0 %
2026/10/08 12:05:37.463, 14698 MiB, 23034 MiB, 0 %
2026/10/08 12:05:39.463, 14698 MiB, 23034 MiB, 0 %
2026/10/08 12:05:41.464, 14698 MiB, 23034 MiB, 0 %
2026/10/08 12:05:43.466, 14698 MiB, 23034 MiB, 0 %
2026/10/08 12:05:45.466, 14698 MiB, 23034 MiB, 0 %
2026/10/08 12:05:47.467, 14698 MiB, 23034 MiB, 0 %
2026/10/08 12:05:49.468, 14698 MiB, 23034 MiB, 0 %
2026/10/08 12:05:51.468, 14698 MiB, 23034 MiB, 0 %
2026/10/08 12:05:53.469, 14698 MiB, 23034 MiB, 0 %
2026/10/08 12:05:55.470, 14698 MiB, 23034 MiB, 0 %
2026/10/08 12:05:57.470, 14698 MiB, 23034 MiB, 0 %
2026/10/08 12:05:59.471, 14698 MiB, 23034 MiB, 0 %
2026/10/08 12:06:01.472, 14698 MiB, 23034 MiB, 0 %
2026/10/08 12:06:03.472, 14698 MiB, 23034 MiB, 0 %
2026/10/08 12:06:05.473, 14698 MiB, 23034 MiB, 0 %
2026/10/08 12:06:07.474, 14698 MiB, 23034 MiB, 0 %
2026/10/08 12:06:09.475, 14698 MiB, 23034 MiB, 0 %
2026/10/08 12:06:11.475, 14698 MiB, 23034 MiB, 0 %
2026/10/08 12:06:13.476, 14698 MiB, 23034 MiB, 0 %
2026/10/08 12:06:15.476, 14698 MiB, 23034 MiB, 0 %
2026/10/08 12:06:17.477, 14698 MiB, 23034 MiB, 0 %
2026/10/08 12:06:19.478, 14698 MiB, 23034 MiB, 0 %
2026/10/08 12:06:21.479, 14698 MiB, 23034 MiB, 0 %
2026/10/08 12:06:23.479, 14698 MiB, 23034 MiB, 0 %
2026/10/08 12:06:25.480, 15766 MiB, 23034 MiB, 0 %
2026/10/08 12:06:27.481, 15766 MiB, 23034 MiB, 0 %
2026/10/08 12:06:29.482, 15968 MiB, 23034 MiB, 49 %
2026/10/08 12:06:31.482, 15968 MiB, 23034 MiB, 42 %
2026/10/08 12:06:33.483, 15968 MiB, 23034 MiB, 95 %
2026/10/08 12:06:35.483, 15968 MiB, 23034 MiB, 22 %
2026/10/08 12:06:37.484, 15968 MiB, 23034 MiB, 95 %
2026/10/08 12:06:39.485, 15968 MiB, 23034 MiB, 95 %
2026/10/08 12:06:41.485, 15968 MiB, 23034 MiB, 0 %
2026/10/08 12:06:43.486, 15968 MiB, 23034 MiB, 0 %
2026/10/08 12:06:45.486, 15968 MiB, 23034 MiB, 0 %
2026/10/08 12:06:47.487, 15968 MiB, 23034 MiB, 95 %
2026/10/08 12:06:49.487, 15968 MiB, 23034 MiB, 94 %
2026/10/08 12:06:51.488, 15968 MiB, 23034 MiB, 95 %
2026/10/08 12:06:53.489, 15968 MiB, 23034 MiB, 52 %
2026/10/08 12:06:55.489, 15968 MiB, 23034 MiB, 95 %
2026/10/08 12:06:57.490, 15970 MiB, 23034 MiB, 95 %
2026/10/08 12:06:59.491, 15970 MiB, 23034 MiB, 47 %
2026/10/08 12:07:01.491, 15970 MiB, 23034 MiB, 54 %
2026/10/08 12:07:03.492, 15970 MiB, 23034 MiB, 95 %
2026/10/08 12:07:05.492, 15970 MiB, 23034 MiB, 80 %
2026/10/08 12:07:07.493, 15970 MiB, 23034 MiB, 96 %
2026/10/08 12:07:09.493, 15970 MiB, 23034 MiB, 95 %
2026/10/08 12:07:11.494, 15970 MiB, 23034 MiB, 95 %
2026/10/08 12:07:13.495, 15970 MiB, 23034 MiB, 95 %
2026/10/08 12:07:15.495, 15970 MiB, 23034 MiB, 95 %
2026/10/08 12:07:17.496, 15970 MiB, 23034 MiB, 95 %
2026/10/08 12:07:19.496, 16034 MiB, 23034 MiB, 95 %
2026/10/08 12:07:21.497, 16034 MiB, 23034 MiB, 95 %
2026/10/08 12:07:23.498, 16034 MiB, 23034 MiB, 95 %
2026/10/08 12:07:25.498, 16034 MiB, 23034 MiB, 95 %
2026/10/08 12:07:27.499, 16034 MiB, 23034 MiB, 31 %
2026/10/08 12:07:29.499, 16034 MiB, 23034 MiB, 44 %
2026/10/08 12:07:31.500, 16034 MiB, 23034 MiB, 61 %
2026/10/08 12:07:33.501, 16034 MiB, 23034 MiB, 95 %
2026/10/08 12:07:35.501, 16034 MiB, 23034 MiB, 9 %
2026/10/08 12:07:37.502, 16034 MiB, 23034 MiB, 95 %
2026/10/08 12:07:39.502, 16034 MiB, 23034 MiB, 94 %
2026/10/08 12:07:41.503, 16034 MiB, 23034 MiB, 94 %
2026/10/08 12:07:43.504, 16034 MiB, 23034 MiB, 59 %
2026/10/08 12:07:45.504, 16034 MiB, 23034 MiB, 95 %
2026/10/08 12:07:47.505, 16034 MiB, 23034 MiB, 95 %
2026/10/08 12:07:49.505, 16034 MiB, 23034 MiB, 94 %
2026/10/08 12:07:51.506, 16034 MiB, 23034 MiB, 82 %
2026/10/08 12:07:53.506, 16034 MiB, 23034 MiB, 95 %
2026/10/08 12:07:55.507, 16034 MiB, 23034 MiB, 83 %
2026/10/08 12:07:57.508, 16036 MiB, 23034 MiB, 96 %
2026/10/08 12:07:59.508, 16036 MiB, 23034 MiB, 52 %
2026/10/08 12:08:01.509, 16104 MiB, 23034 MiB, 72 %
2026/10/08 12:08:03.510, 16104 MiB, 23034 MiB, 94 %
2026/10/08 12:08:05.510, 16104 MiB, 23034 MiB, 44 %
2026/10/08 12:08:07.511, 16104 MiB, 23034 MiB, 94 %
2026/10/08 12:08:09.511, 16104 MiB, 23034 MiB, 96 %
2026/10/08 12:08:11.512, 16104 MiB, 23034 MiB, 96 %
2026/10/08 12:08:13.512, 16104 MiB, 23034 MiB, 95 %
2026/10/08 12:08:15.513, 16104 MiB, 23034 MiB, 94 %
2026/10/08 12:08:17.514, 16104 MiB, 23034 MiB, 96 %
2026/10/08 12:08:19.514, 16104 MiB, 23034 MiB, 95 %
2026/10/08 12:08:21.515, 16104 MiB, 23034 MiB, 95 %
2026/10/08 12:08:23.515, 16104 MiB, 23034 MiB, 96 %
2026/10/08 12:08:25.516, 16104 MiB, 23034 MiB, 95 %
2026/10/08 12:08:27.516, 16104 MiB, 23034 MiB, 74 %
2026/10/08 12:08:29.517, 16104 MiB, 23034 MiB, 95 %
2026/10/08 12:08:31.518, 16104 MiB, 23034 MiB, 93 %
2026/10/08 12:08:33.518, 16104 MiB, 23034 MiB, 95 %
2026/10/08 12:08:35.519, 16104 MiB, 23034 MiB, 95 %
2026/10/08 12:08:37.519, 16104 MiB, 23034 MiB, 95 %
2026/10/08 12:08:39.520, 16104 MiB, 23034 MiB, 95 %
2026/10/08 12:08:41.521, 16104 MiB, 23034 MiB, 96 %
2026/10/08 12:08:43.521, 16104 MiB, 23034 MiB, 96 %
2026/10/08 12:08:45.522, 16104 MiB, 23034 MiB, 95 %
2026/10/08 12:08:47.523, 16104 MiB, 23034 MiB, 87 %
2026/10/08 12:08:49.523, 16104 MiB, 23034 MiB, 96 %
2026/10/08 12:08:51.524, 16104 MiB, 23034 MiB, 96 %
2026/10/08 12:08:53.524, 16104 MiB, 23034 MiB, 47 %
2026/10/08 12:08:55.525, 16104 MiB, 23034 MiB, 86 %
2026/10/08 12:08:57.526, 16104 MiB, 23034 MiB, 96 %
2026/10/08 12:08:59.526, 16104 MiB, 23034 MiB, 95 %
2026/10/08 12:09:01.527, 16104 MiB, 23034 MiB, 78 %
2026/10/08 12:09:03.527, 16104 MiB, 23034 MiB, 96 %
2026/10/08 12:09:05.528, 16104 MiB, 23034 MiB, 46 %
2026/10/08 12:09:07.529, 16104 MiB, 23034 MiB, 90 %
2026/10/08 12:09:09.529, 16104 MiB, 23034 MiB, 96 %
2026/10/08 12:09:11.530, 16104 MiB, 23034 MiB, 96 %
2026/10/08 12:09:13.530, 16104 MiB, 23034 MiB, 95 %
2026/10/08 12:09:15.531, 16104 MiB, 23034 MiB, 95 %
2026/10/08 12:09:17.532, 16104 MiB, 23034 MiB, 96 %
2026/10/08 12:09:19.532, 16104 MiB, 23034 MiB, 95 %
2026/10/08 12:09:21.533, 16104 MiB, 23034 MiB, 96 %
2026/10/08 12:09:23.533, 16104 MiB, 23034 MiB, 96 %
2026/10/08 12:09:25.534, 16104 MiB, 23034 MiB, 75 %
2026/10/08 12:09:27.534, 16104 MiB, 23034 MiB, 95 %
2026/10/08 12:09:29.535, 16104 MiB, 23034 MiB, 45 %
2026/10/08 12:09:31.535, 16104 MiB, 23034 MiB, 96 %
2026/10/08 12:09:33.536, 16104 MiB, 23034 MiB, 95 %
2026/10/08 12:09:35.536, 16104 MiB, 23034 MiB, 95 %
2026/10/08 12:09:37.537, 16104 MiB, 23034 MiB, 89 %
2026/10/08 12:09:39.538, 16104 MiB, 23034 MiB, 95 %
2026/10/08 12:09:41.538, 16104 MiB, 23034 MiB, 81 %
2026/10/08 12:09:43.539, 16104 MiB, 23034 MiB, 95 %
2026/10/08 12:09:45.539, 16104 MiB, 23034 MiB, 95 %
2026/10/08 12:09:47.540, 16104 MiB, 23034 MiB, 95 %
2026/10/08 12:09:49.541, 16104 MiB, 23034 MiB, 95 %
2026/10/08 12:09:51.542, 16104 MiB, 23034 MiB, 95 %
2026/10/08 12:09:53.542, 16104 MiB, 23034 MiB, 95 %
2026/10/08 12:09:55.543, 16104 MiB, 23034 MiB, 95 %
2026/10/08 12:09:57.543, 16104 MiB, 23034 MiB, 95 %
2026/10/08 12:09:59.544, 16104 MiB, 23034 MiB, 45 %
2026/10/08 12:10:01.544, 16104 MiB, 23034 MiB, 78 %
2026/10/08 12:10:03.545, 16104 MiB, 23034 MiB, 24 %
2026/10/08 12:10:05.545, 16104 MiB, 23034 MiB, 95 %
2026/10/08 12:10:07.545, 16104 MiB, 23034 MiB, 81 %
2026/10/08 12:10:09.546, 16104 MiB, 23034 MiB, 95 %
2026/10/08 12:10:11.546, 16104 MiB, 23034 MiB, 95 %
2026/10/08 12:10:13.547, 16104 MiB, 23034 MiB, 95 %
2026/10/08 12:10:15.548, 16104 MiB, 23034 MiB, 95 %
2026/10/08 12:10:17.548, 16104 MiB, 23034 MiB, 95 %
2026/10/08 12:10:19.549, 16104 MiB, 23034 MiB, 95 %
2026/10/08 12:10:21.549, 16104 MiB, 23034 MiB, 95 %
2026/10/08 12:10:23.550, 16104 MiB, 23034 MiB, 92 %
2026/10/08 12:10:25.550, 16104 MiB, 23034 MiB, 75 %
2026/10/08 12:10:27.551, 16104 MiB, 23034 MiB, 21 %
2026/10/08 12:10:29.552, 16104 MiB, 23034 MiB, 95 %
2026/10/08 12:10:31.552, 16104 MiB, 23034 MiB, 47 %
2026/10/08 12:10:33.553, 16104 MiB, 23034 MiB, 95 %
2026/10/08 12:10:35.553, 16284 MiB, 23034 MiB, 100 %
2026/10/08 12:10:37.554, 16284 MiB, 23034 MiB, 95 %
2026/10/08 12:10:39.555, 16284 MiB, 23034 MiB, 95 %
2026/10/08 12:10:41.555, 16284 MiB, 23034 MiB, 0 %
2026/10/08 12:10:43.556, 16284 MiB, 23034 MiB, 0 %
2026/10/08 12:10:45.559, 16284 MiB, 23034 MiB, 0 %
2026/10/08 12:10:47.559, 16300 MiB, 23034 MiB, 100 %
2026/10/08 12:10:49.560, 16300 MiB, 23034 MiB, 95 %
2026/10/08 12:10:51.561, 16300 MiB, 23034 MiB, 95 %
2026/10/08 12:10:53.562, 16300 MiB, 23034 MiB, 95 %
2026/10/08 12:10:55.562, 16300 MiB, 23034 MiB, 83 %
2026/10/08 12:10:57.563, 16300 MiB, 23034 MiB, 82 %
2026/10/08 12:10:59.563, 16300 MiB, 23034 MiB, 95 %
2026/10/08 12:11:01.564, 16300 MiB, 23034 MiB, 95 %
2026/10/08 12:11:03.564, 16300 MiB, 23034 MiB, 95 %
2026/10/08 12:11:05.565, 16300 MiB, 23034 MiB, 95 %
2026/10/08 12:11:07.566, 16300 MiB, 23034 MiB, 95 %
2026/10/08 12:11:09.566, 16300 MiB, 23034 MiB, 95 %
2026/10/08 12:11:11.567, 16300 MiB, 23034 MiB, 95 %
2026/10/08 12:11:13.567, 16300 MiB, 23034 MiB, 95 %
2026/10/08 12:11:15.568, 16300 MiB, 23034 MiB, 95 %
2026/10/08 12:11:17.568, 16300 MiB, 23034 MiB, 45 %
2026/10/08 12:11:19.569, 16300 MiB, 23034 MiB, 40 %
2026/10/08 12:11:21.570, 16300 MiB, 23034 MiB, 95 %
2026/10/08 12:11:23.570, 16300 MiB, 23034 MiB, 17 %
2026/10/08 12:11:25.571, 16300 MiB, 23034 MiB, 95 %
2026/10/08 12:11:27.571, 16300 MiB, 23034 MiB, 95 %
2026/10/08 12:11:29.572, 16300 MiB, 23034 MiB, 99 %
2026/10/08 12:11:31.572, 16300 MiB, 23034 MiB, 95 %
2026/10/08 12:11:33.573, 16300 MiB, 23034 MiB, 99 %
2026/10/08 12:11:35.574, 16300 MiB, 23034 MiB, 96 %
2026/10/08 12:11:37.574, 16300 MiB, 23034 MiB, 97 %
2026/10/08 12:11:39.575, 16300 MiB, 23034 MiB, 96 %
2026/10/08 12:11:41.575, 16300 MiB, 23034 MiB, 95 %
2026/10/08 12:11:43.576, 16300 MiB, 23034 MiB, 99 %
2026/10/08 12:11:45.576, 16300 MiB, 23034 MiB, 90 %
2026/10/08 12:11:47.577, 16300 MiB, 23034 MiB, 49 %
2026/10/08 12:11:49.577, 16308 MiB, 23034 MiB, 98 %
2026/10/08 12:11:51.578, 16308 MiB, 23034 MiB, 95 %
2026/10/08 12:11:53.579, 16308 MiB, 23034 MiB, 95 %
2026/10/08 12:11:55.579, 16308 MiB, 23034 MiB, 99 %
2026/10/08 12:11:57.580, 16308 MiB, 23034 MiB, 95 %
2026/10/08 12:11:59.580, 16308 MiB, 23034 MiB, 94 %
2026/10/08 12:12:01.581, 16308 MiB, 23034 MiB, 99 %
2026/10/08 12:12:03.581, 16308 MiB, 23034 MiB, 98 %
2026/10/08 12:12:05.582, 16308 MiB, 23034 MiB, 99 %
2026/10/08 12:12:07.582, 16340 MiB, 23034 MiB, 98 %
2026/10/08 12:12:09.583, 16340 MiB, 23034 MiB, 99 %
2026/10/08 12:12:11.584, 16340 MiB, 23034 MiB, 95 %
2026/10/08 12:12:13.584, 16340 MiB, 23034 MiB, 98 %
2026/10/08 12:12:15.585, 16340 MiB, 23034 MiB, 99 %
2026/10/08 12:12:17.585, 16340 MiB, 23034 MiB, 99 %
2026/10/08 12:12:19.586, 16340 MiB, 23034 MiB, 100 %
2026/10/08 12:12:21.586, 16340 MiB, 23034 MiB, 98 %
2026/10/08 12:12:23.586, 16340 MiB, 23034 MiB, 99 %
2026/10/08 12:12:25.587, 16340 MiB, 23034 MiB, 99 %
2026/10/08 12:12:27.588, 16340 MiB, 23034 MiB, 99 %
2026/10/08 12:12:29.588, 16340 MiB, 23034 MiB, 99 %
2026/10/08 12:12:31.589, 16356 MiB, 23034 MiB, 98 %
2026/10/08 12:12:33.589, 16406 MiB, 23034 MiB, 99 %
2026/10/08 12:12:35.590, 16406 MiB, 23034 MiB, 100 %
2026/10/08 12:12:37.590, 16406 MiB, 23034 MiB, 99 %
2026/10/08 12:12:39.591, 16406 MiB, 23034 MiB, 98 %
2026/10/08 12:12:41.591, 16406 MiB, 23034 MiB, 98 %
2026/10/08 12:12:43.592, 16406 MiB, 23034 MiB, 96 %
2026/10/08 12:12:45.592, 16406 MiB, 23034 MiB, 99 %
2026/10/08 12:12:47.593, 16406 MiB, 23034 MiB, 100 %
2026/10/08 12:12:49.593, 16406 MiB, 23034 MiB, 99 %
2026/10/08 12:12:51.594, 16406 MiB, 23034 MiB, 100 %
2026/10/08 12:12:53.596, 16406 MiB, 23034 MiB, 99 %
2026/10/08 12:12:55.596, 16406 MiB, 23034 MiB, 99 %
2026/10/08 12:12:57.597, 16406 MiB, 23034 MiB, 99 %
2026/10/08 12:12:59.597, 16406 MiB, 23034 MiB, 98 %
2026/10/08 12:13:01.598, 16406 MiB, 23034 MiB, 98 %
2026/10/08 12:13:03.598, 16406 MiB, 23034 MiB, 100 %
2026/10/08 12:13:05.599, 16406 MiB, 23034 MiB, 99 %
2026/10/08 12:13:07.599, 16406 MiB, 23034 MiB, 100 %
2026/10/08 12:13:09.600, 16406 MiB, 23034 MiB, 99 %
2026/10/08 12:13:11.600, 16406 MiB, 23034 MiB, 98 %
2026/10/08 12:13:13.601, 16406 MiB, 23034 MiB, 100 %
2026/10/08 12:13:15.602, 16406 MiB, 23034 MiB, 98 %
2026/10/08 12:13:17.602, 16406 MiB, 23034 MiB, 95 %
2026/10/08 12:13:19.603, 16406 MiB, 23034 MiB, 95 %
2026/10/08 12:13:21.604, 16406 MiB, 23034 MiB, 95 %
2026/10/08 12:13:23.604, 16406 MiB, 23034 MiB, 95 %
2026/10/08 12:13:25.605, 16406 MiB, 23034 MiB, 77 %
2026/10/08 12:13:27.605, 16406 MiB, 23034 MiB, 85 %
2026/10/08 12:13:29.606, 16406 MiB, 23034 MiB, 94 %
2026/10/08 12:13:31.607, 16406 MiB, 23034 MiB, 96 %
2026/10/08 12:13:33.607, 16406 MiB, 23034 MiB, 92 %
2026/10/08 12:13:35.608, 16406 MiB, 23034 MiB, 95 %
2026/10/08 12:13:37.609, 16406 MiB, 23034 MiB, 31 %
2026/10/08 12:13:39.609, 16406 MiB, 23034 MiB, 65 %
2026/10/08 12:13:41.610, 16406 MiB, 23034 MiB, 96 %
2026/10/08 12:13:43.610, 16406 MiB, 23034 MiB, 21 %
2026/10/08 12:13:45.611, 16406 MiB, 23034 MiB, 96 %
2026/10/08 12:13:47.611, 16406 MiB, 23034 MiB, 96 %
2026/10/08 12:13:49.612, 16406 MiB, 23034 MiB, 95 %
2026/10/08 12:13:51.612, 16406 MiB, 23034 MiB, 82 %
2026/10/08 12:13:53.613, 16406 MiB, 23034 MiB, 95 %
2026/10/08 12:13:55.614, 16406 MiB, 23034 MiB, 82 %
2026/10/08 12:13:57.614, 16406 MiB, 23034 MiB, 95 %
2026/10/08 12:13:59.615, 16406 MiB, 23034 MiB, 95 %
2026/10/08 12:14:01.615, 16406 MiB, 23034 MiB, 95 %
2026/10/08 12:14:03.616, 16406 MiB, 23034 MiB, 95 %
2026/10/08 12:14:05.617, 16406 MiB, 23034 MiB, 95 %
2026/10/08 12:14:07.617, 16406 MiB, 23034 MiB, 95 %
2026/10/08 12:14:09.618, 16406 MiB, 23034 MiB, 85 %
2026/10/08 12:14:11.618, 16406 MiB, 23034 MiB, 95 %
2026/10/08 12:14:13.619, 16406 MiB, 23034 MiB, 96 %
2026/10/08 12:14:15.619, 16406 MiB, 23034 MiB, 72 %
2026/10/08 12:14:17.620, 16406 MiB, 23034 MiB, 95 %
2026/10/08 12:14:19.621, 16406 MiB, 23034 MiB, 95 %
2026/10/08 12:14:21.621, 16406 MiB, 23034 MiB, 95 %
2026/10/08 12:14:23.622, 16406 MiB, 23034 MiB, 71 %
2026/10/08 12:14:25.622, 16406 MiB, 23034 MiB, 98 %
2026/10/08 12:14:27.623, 16406 MiB, 23034 MiB, 95 %
2026/10/08 12:14:29.623, 16406 MiB, 23034 MiB, 95 %
2026/10/08 12:14:31.624, 16406 MiB, 23034 MiB, 95 %
2026/10/08 12:14:33.625, 16406 MiB, 23034 MiB, 96 %
2026/10/08 12:14:35.625, 16406 MiB, 23034 MiB, 95 %
2026/10/08 12:14:37.626, 16406 MiB, 23034 MiB, 65 %
2026/10/08 12:14:39.626, 16406 MiB, 23034 MiB, 95 %
2026/10/08 12:14:41.627, 16406 MiB, 23034 MiB, 96 %
2026/10/08 12:14:43.627, 16406 MiB, 23034 MiB, 99 %
2026/10/08 12:14:45.628, 16406 MiB, 23034 MiB, 95 %
2026/10/08 12:14:47.629, 16406 MiB, 23034 MiB, 95 %
2026/10/08 12:14:49.629, 16406 MiB, 23034 MiB, 95 %
2026/10/08 12:14:51.630, 16406 MiB, 23034 MiB, 95 %
2026/10/08 12:14:53.630, 16406 MiB, 23034 MiB, 99 %
2026/10/08 12:14:55.631, 16406 MiB, 23034 MiB, 94 %
2026/10/08 12:14:57.631, 16406 MiB, 23034 MiB, 95 %
2026/10/08 12:14:59.632, 16406 MiB, 23034 MiB, 95 %
2026/10/08 12:15:01.633, 16406 MiB, 23034 MiB, 98 %
2026/10/08 12:15:03.633, 16406 MiB, 23034 MiB, 95 %
2026/10/08 12:15:05.634, 16406 MiB, 23034 MiB, 98 %
2026/10/08 12:15:07.634, 16406 MiB, 23034 MiB, 95 %
2026/10/08 12:15:09.635, 16406 MiB, 23034 MiB, 95 %
2026/10/08 12:15:11.635, 16406 MiB, 23034 MiB, 95 %
2026/10/08 12:15:13.636, 16406 MiB, 23034 MiB, 100 %
2026/10/08 12:15:15.636, 16406 MiB, 23034 MiB, 95 %
2026/10/08 12:15:17.637, 16406 MiB, 23034 MiB, 99 %
2026/10/08 12:15:19.637, 16406 MiB, 23034 MiB, 96 %
2026/10/08 12:15:21.637, 16406 MiB, 23034 MiB, 95 %
2026/10/08 12:15:23.638, 16406 MiB, 23034 MiB, 96 %
2026/10/08 12:15:25.638, 16406 MiB, 23034 MiB, 95 %
2026/10/08 12:15:27.639, 16406 MiB, 23034 MiB, 100 %
2026/10/08 12:15:29.640, 16406 MiB, 23034 MiB, 98 %
2026/10/08 12:15:31.640, 16406 MiB, 23034 MiB, 97 %
2026/10/08 12:15:33.641, 16406 MiB, 23034 MiB, 95 %
2026/10/08 12:15:35.641, 16406 MiB, 23034 MiB, 99 %
2026/10/08 12:15:37.642, 16406 MiB, 23034 MiB, 96 %
2026/10/08 12:15:39.643, 16406 MiB, 23034 MiB, 94 %
2026/10/08 12:15:41.643, 16406 MiB, 23034 MiB, 99 %
2026/10/08 12:15:43.644, 16406 MiB, 23034 MiB, 99 %
2026/10/08 12:15:45.644, 16406 MiB, 23034 MiB, 97 %
2026/10/08 12:15:47.645, 16406 MiB, 23034 MiB, 98 %
2026/10/08 12:15:49.645, 16406 MiB, 23034 MiB, 100 %
2026/10/08 12:15:51.646, 16406 MiB, 23034 MiB, 98 %
2026/10/08 12:15:53.647, 16406 MiB, 23034 MiB, 99 %
2026/10/08 12:15:55.647, 16406 MiB, 23034 MiB, 97 %
2026/10/08 12:15:57.648, 16406 MiB, 23034 MiB, 98 %
2026/10/08 12:15:59.648, 16406 MiB, 23034 MiB, 95 %
2026/10/08 12:16:01.649, 16406 MiB, 23034 MiB, 0 %
2026/10/08 12:16:03.650, 16406 MiB, 23034 MiB, 96 %
2026/10/08 12:16:05.651, 16406 MiB, 23034 MiB, 98 %
2026/10/08 12:16:07.651, 16406 MiB, 23034 MiB, 97 %
2026/10/08 12:16:09.652, 16406 MiB, 23034 MiB, 99 %
2026/10/08 12:16:11.652, 16406 MiB, 23034 MiB, 94 %
2026/10/08 12:16:13.653, 16406 MiB, 23034 MiB, 99 %
2026/10/08 12:16:15.653, 16406 MiB, 23034 MiB, 97 %
2026/10/08 12:16:17.654, 16406 MiB, 23034 MiB, 99 %
2026/10/08 12:16:19.654, 16406 MiB, 23034 MiB, 95 %
2026/10/08 12:16:21.655, 16406 MiB, 23034 MiB, 96 %
2026/10/08 12:16:23.656, 16406 MiB, 23034 MiB, 100 %
2026/10/08 12:16:25.656, 16406 MiB, 23034 MiB, 95 %
2026/10/08 12:16:27.657, 16406 MiB, 23034 MiB, 98 %
2026/10/08 12:16:29.657, 16406 MiB, 23034 MiB, 96 %
2026/10/08 12:16:31.658, 16406 MiB, 23034 MiB, 98 %
2026/10/08 12:16:33.658, 16406 MiB, 23034 MiB, 99 %
2026/10/08 12:16:35.659, 16406 MiB, 23034 MiB, 93 %
2026/10/08 12:16:37.659, 16406 MiB, 23034 MiB, 96 %
2026/10/08 12:16:39.660, 16406 MiB, 23034 MiB, 96 %
2026/10/08 12:16:41.660, 16406 MiB, 23034 MiB, 94 %
2026/10/08 12:16:43.661, 16406 MiB, 23034 MiB, 98 %
2026/10/08 12:16:45.662, 16406 MiB, 23034 MiB, 99 %
2026/10/08 12:16:47.662, 16406 MiB, 23034 MiB, 98 %
2026/10/08 12:16:49.663, 16406 MiB, 23034 MiB, 100 %
2026/10/08 12:16:51.663, 16406 MiB, 23034 MiB, 99 %
2026/10/08 12:16:53.664, 16406 MiB, 23034 MiB, 98 %
2026/10/08 12:16:55.664, 16406 MiB, 23034 MiB, 95 %
2026/10/08 12:16:57.665, 16406 MiB, 23034 MiB, 96 %
2026/10/08 12:16:59.669, 16406 MiB, 23034 MiB, 96 %
2026/10/08 12:17:01.669, 16406 MiB, 23034 MiB, 23 %
2026/10/08 12:17:03.670, 16406 MiB, 23034 MiB, 94 %
2026/10/08 12:17:05.671, 16406 MiB, 23034 MiB, 94 %
2026/10/08 12:17:07.671, 16406 MiB, 23034 MiB, 96 %
2026/10/08 12:17:09.672, 16406 MiB, 23034 MiB, 95 %
2026/10/08 12:17:11.672, 16406 MiB, 23034 MiB, 94 %
2026/10/08 12:17:13.673, 16406 MiB, 23034 MiB, 95 %
2026/10/08 12:17:15.674, 16406 MiB, 23034 MiB, 39 %
2026/10/08 12:17:17.674, 16406 MiB, 23034 MiB, 30 %
2026/10/08 12:17:19.675, 16406 MiB, 23034 MiB, 90 %
2026/10/08 12:17:21.675, 16406 MiB, 23034 MiB, 95 %
2026/10/08 12:17:23.676, 16406 MiB, 23034 MiB, 94 %
2026/10/08 12:17:25.677, 16406 MiB, 23034 MiB, 34 %
2026/10/08 12:17:27.677, 16406 MiB, 23034 MiB, 84 %
2026/10/08 12:17:29.678, 16406 MiB, 23034 MiB, 96 %
2026/10/08 12:17:31.678, 16406 MiB, 23034 MiB, 96 %
2026/10/08 12:17:33.679, 16406 MiB, 23034 MiB, 94 %
2026/10/08 12:17:35.679, 16406 MiB, 23034 MiB, 96 %
2026/10/08 12:17:37.680, 16406 MiB, 23034 MiB, 94 %
2026/10/08 12:17:39.681, 16406 MiB, 23034 MiB, 42 %
2026/10/08 12:17:41.681, 16406 MiB, 23034 MiB, 94 %
2026/10/08 12:17:43.682, 16406 MiB, 23034 MiB, 95 %
2026/10/08 12:17:45.682, 16406 MiB, 23034 MiB, 95 %
2026/10/08 12:17:47.683, 16406 MiB, 23034 MiB, 95 %
2026/10/08 12:17:49.683, 16406 MiB, 23034 MiB, 96 %
2026/10/08 12:17:51.684, 16406 MiB, 23034 MiB, 96 %
2026/10/08 12:17:53.684, 16406 MiB, 23034 MiB, 96 %
2026/10/08 12:17:55.685, 16406 MiB, 23034 MiB, 95 %
2026/10/08 12:17:57.686, 16406 MiB, 23034 MiB, 95 %
2026/10/08 12:17:59.686, 16406 MiB, 23034 MiB, 95 %
2026/10/08 12:18:01.687, 16406 MiB, 23034 MiB, 96 %
2026/10/08 12:18:03.688, 16406 MiB, 23034 MiB, 44 %
2026/10/08 12:18:05.688, 16406 MiB, 23034 MiB, 95 %
2026/10/08 12:18:07.689, 16406 MiB, 23034 MiB, 95 %
2026/10/08 12:18:09.689, 16406 MiB, 23034 MiB, 95 %
2026/10/08 12:18:11.690, 16406 MiB, 23034 MiB, 95 %
2026/10/08 12:18:13.690, 16406 MiB, 23034 MiB, 95 %
2026/10/08 12:18:15.691, 16406 MiB, 23034 MiB, 95 %
2026/10/08 12:18:17.692, 16406 MiB, 23034 MiB, 38 %
2026/10/08 12:18:19.692, 16406 MiB, 23034 MiB, 95 %
2026/10/08 12:18:21.693, 16406 MiB, 23034 MiB, 95 %
2026/10/08 12:18:23.693, 16406 MiB, 23034 MiB, 80 %
2026/10/08 12:18:25.694, 16406 MiB, 23034 MiB, 72 %
2026/10/08 12:18:27.695, 16406 MiB, 23034 MiB, 95 %
2026/10/08 12:18:29.695, 16406 MiB, 23034 MiB, 95 %
2026/10/08 12:18:31.696, 16406 MiB, 23034 MiB, 95 %
2026/10/08 12:18:33.696, 16406 MiB, 23034 MiB, 95 %
2026/10/08 12:18:35.697, 16406 MiB, 23034 MiB, 95 %
2026/10/08 12:18:37.697, 16406 MiB, 23034 MiB, 95 %
2026/10/08 12:18:39.698, 16406 MiB, 23034 MiB, 95 %
2026/10/08 12:18:41.699, 16406 MiB, 23034 MiB, 61 %
2026/10/08 12:18:43.699, 16406 MiB, 23034 MiB, 95 %
2026/10/08 12:18:45.700, 16406 MiB, 23034 MiB, 45 %
2026/10/08 12:18:47.700, 16406 MiB, 23034 MiB, 95 %
2026/10/08 12:18:49.701, 16406 MiB, 23034 MiB, 72 %
2026/10/08 12:18:51.702, 16406 MiB, 23034 MiB, 95 %
2026/10/08 12:18:53.703, 16406 MiB, 23034 MiB, 95 %
2026/10/08 12:18:55.704, 16406 MiB, 23034 MiB, 56 %
2026/10/08 12:18:57.704, 16406 MiB, 23034 MiB, 95 %
2026/10/08 12:18:59.705, 16406 MiB, 23034 MiB, 95 %
2026/10/08 12:19:01.705, 16406 MiB, 23034 MiB, 95 %
2026/10/08 12:19:03.706, 16406 MiB, 23034 MiB, 95 %
2026/10/08 12:19:05.707, 16406 MiB, 23034 MiB, 95 %
2026/10/08 12:19:07.707, 16406 MiB, 23034 MiB, 44 %
2026/10/08 12:19:09.708, 16406 MiB, 23034 MiB, 95 %
2026/10/08 12:19:11.708, 16406 MiB, 23034 MiB, 95 %
2026/10/08 12:19:13.709, 16406 MiB, 23034 MiB, 95 %
2026/10/08 12:19:15.710, 16406 MiB, 23034 MiB, 51 %
2026/10/08 12:19:17.710, 16406 MiB, 23034 MiB, 95 %
2026/10/08 12:19:19.711, 16406 MiB, 23034 MiB, 95 %
2026/10/08 12:19:21.711, 16406 MiB, 23034 MiB, 95 %
2026/10/08 12:19:23.712, 16406 MiB, 23034 MiB, 95 %
2026/10/08 12:19:25.713, 16406 MiB, 23034 MiB, 95 %
2026/10/08 12:19:27.713, 16406 MiB, 23034 MiB, 95 %
2026/10/08 12:19:29.714, 16406 MiB, 23034 MiB, 95 %
2026/10/08 12:19:31.714, 16406 MiB, 23034 MiB, 95 %
2026/10/08 12:19:33.715, 16406 MiB, 23034 MiB, 95 %
2026/10/08 12:19:35.715, 16406 MiB, 23034 MiB, 26 %
2026/10/08 12:19:37.716, 16406 MiB, 23034 MiB, 95 %
2026/10/08 12:19:39.717, 16406 MiB, 23034 MiB, 95 %
2026/10/08 12:19:41.717, 16406 MiB, 23034 MiB, 93 %
2026/10/08 12:19:43.718, 16406 MiB, 23034 MiB, 95 %
2026/10/08 12:19:45.719, 16406 MiB, 23034 MiB, 95 %
2026/10/08 12:19:47.719, 16406 MiB, 23034 MiB, 95 %
2026/10/08 12:19:49.720, 16406 MiB, 23034 MiB, 95 %
2026/10/08 12:19:51.721, 16406 MiB, 23034 MiB, 95 %
2026/10/08 12:19:53.721, 16406 MiB, 23034 MiB, 95 %
2026/10/08 12:19:55.722, 16406 MiB, 23034 MiB, 35 %
2026/10/08 12:19:57.722, 16406 MiB, 23034 MiB, 95 %
2026/10/08 12:19:59.723, 16406 MiB, 23034 MiB, 96 %
2026/10/08 12:20:01.724, 16406 MiB, 23034 MiB, 95 %
2026/10/08 12:20:03.726, 16406 MiB, 23034 MiB, 95 %
2026/10/08 12:20:05.726, 16406 MiB, 23034 MiB, 95 %
2026/10/08 12:20:07.727, 16406 MiB, 23034 MiB, 94 %
2026/10/08 12:20:09.727, 16406 MiB, 23034 MiB, 96 %
2026/10/08 12:20:11.728, 16406 MiB, 23034 MiB, 96 %
2026/10/08 12:20:13.728, 16406 MiB, 23034 MiB, 96 %
2026/10/08 12:20:15.729, 16406 MiB, 23034 MiB, 96 %
2026/10/08 12:20:17.730, 16406 MiB, 23034 MiB, 27 %
2026/10/08 12:20:19.730, 16406 MiB, 23034 MiB, 94 %
2026/10/08 12:20:21.731, 16406 MiB, 23034 MiB, 96 %
2026/10/08 12:20:23.731, 16406 MiB, 23034 MiB, 90 %
2026/10/08 12:20:25.732, 16406 MiB, 23034 MiB, 76 %
2026/10/08 12:20:27.732, 16406 MiB, 23034 MiB, 94 %
2026/10/08 12:20:29.733, 16406 MiB, 23034 MiB, 94 %
2026/10/08 12:20:31.733, 16406 MiB, 23034 MiB, 95 %
2026/10/08 12:20:33.734, 16406 MiB, 23034 MiB, 94 %
2026/10/08 12:20:35.735, 16406 MiB, 23034 MiB, 96 %
2026/10/08 12:20:37.735, 16406 MiB, 23034 MiB, 59 %
2026/10/08 12:20:39.736, 16406 MiB, 23034 MiB, 94 %
2026/10/08 12:20:41.736, 16406 MiB, 23034 MiB, 94 %
2026/10/08 12:20:43.737, 16406 MiB, 23034 MiB, 96 %
2026/10/08 12:20:45.737, 16406 MiB, 23034 MiB, 96 %
2026/10/08 12:20:47.738, 16406 MiB, 23034 MiB, 96 %
2026/10/08 12:20:49.739, 16406 MiB, 23034 MiB, 96 %
2026/10/08 12:20:51.739, 16406 MiB, 23034 MiB, 95 %
2026/10/08 12:20:53.740, 16406 MiB, 23034 MiB, 95 %
2026/10/08 12:20:55.740, 16406 MiB, 23034 MiB, 96 %
2026/10/08 12:20:57.741, 16406 MiB, 23034 MiB, 96 %
2026/10/08 12:20:59.741, 16406 MiB, 23034 MiB, 37 %
2026/10/08 12:21:01.742, 16406 MiB, 23034 MiB, 94 %
2026/10/08 12:21:03.742, 16406 MiB, 23034 MiB, 30 %
2026/10/08 12:21:05.743, 16406 MiB, 23034 MiB, 96 %
2026/10/08 12:21:07.744, 16406 MiB, 23034 MiB, 96 %
2026/10/08 12:21:09.744, 16406 MiB, 23034 MiB, 95 %
2026/10/08 12:21:11.745, 16406 MiB, 23034 MiB, 94 %
2026/10/08 12:21:13.745, 16406 MiB, 23034 MiB, 29 %
2026/10/08 12:21:15.746, 16406 MiB, 23034 MiB, 95 %
2026/10/08 12:21:17.746, 16406 MiB, 23034 MiB, 94 %
2026/10/08 12:21:19.747, 16406 MiB, 23034 MiB, 94 %
2026/10/08 12:21:21.748, 16406 MiB, 23034 MiB, 76 %
2026/10/08 12:21:23.748, 16406 MiB, 23034 MiB, 94 %
2026/10/08 12:21:25.749, 16406 MiB, 23034 MiB, 81 %
2026/10/08 12:21:27.749, 16406 MiB, 23034 MiB, 95 %
2026/10/08 12:21:29.750, 16406 MiB, 23034 MiB, 95 %
2026/10/08 12:21:31.751, 16406 MiB, 23034 MiB, 96 %
2026/10/08 12:21:33.751, 16406 MiB, 23034 MiB, 94 %
2026/10/08 12:21:35.752, 16406 MiB, 23034 MiB, 95 %
2026/10/08 12:21:37.752, 16406 MiB, 23034 MiB, 95 %
2026/10/08 12:21:39.753, 16406 MiB, 23034 MiB, 36 %
2026/10/08 12:21:41.754, 16406 MiB, 23034 MiB, 95 %
2026/10/08 12:21:43.754, 16406 MiB, 23034 MiB, 95 %
2026/10/08 12:21:45.755, 16406 MiB, 23034 MiB, 30 %
2026/10/08 12:21:47.755, 16406 MiB, 23034 MiB, 93 %
2026/10/08 12:21:49.756, 16406 MiB, 23034 MiB, 95 %
2026/10/08 12:21:51.756, 16406 MiB, 23034 MiB, 63 %
2026/10/08 12:21:53.757, 16406 MiB, 23034 MiB, 95 %
2026/10/08 12:21:55.758, 16406 MiB, 23034 MiB, 94 %
2026/10/08 12:21:57.758, 16406 MiB, 23034 MiB, 83 %
2026/10/08 12:21:59.759, 16406 MiB, 23034 MiB, 94 %
2026/10/08 12:22:01.759, 16406 MiB, 23034 MiB, 95 %
2026/10/08 12:22:03.760, 16406 MiB, 23034 MiB, 94 %
2026/10/08 12:22:05.761, 16406 MiB, 23034 MiB, 27 %
2026/10/08 12:22:07.761, 16406 MiB, 23034 MiB, 94 %
2026/10/08 12:22:09.762, 16406 MiB, 23034 MiB, 94 %
2026/10/08 12:22:11.762, 16406 MiB, 23034 MiB, 95 %
2026/10/08 12:22:13.763, 16406 MiB, 23034 MiB, 17 %
2026/10/08 12:22:15.763, 16406 MiB, 23034 MiB, 42 %
2026/10/08 12:22:17.764, 16406 MiB, 23034 MiB, 95 %
2026/10/08 12:22:19.764, 16406 MiB, 23034 MiB, 95 %
2026/10/08 12:22:21.765, 16406 MiB, 23034 MiB, 94 %
2026/10/08 12:22:23.766, 16406 MiB, 23034 MiB, 61 %
2026/10/08 12:22:25.766, 16406 MiB, 23034 MiB, 94 %
2026/10/08 12:22:27.767, 16406 MiB, 23034 MiB, 94 %
2026/10/08 12:22:29.767, 16406 MiB, 23034 MiB, 94 %
2026/10/08 12:22:31.768, 16406 MiB, 23034 MiB, 37 %
2026/10/08 12:22:33.768, 16406 MiB, 23034 MiB, 94 %
2026/10/08 12:22:35.769, 16406 MiB, 23034 MiB, 94 %
2026/10/08 12:22:37.770, 16406 MiB, 23034 MiB, 95 %
2026/10/08 12:22:39.770, 16406 MiB, 23034 MiB, 95 %
2026/10/08 12:22:41.771, 16406 MiB, 23034 MiB, 94 %
2026/10/08 12:22:43.771, 16406 MiB, 23034 MiB, 95 %
2026/10/08 12:22:45.772, 16406 MiB, 23034 MiB, 95 %
2026/10/08 12:22:47.772, 16406 MiB, 23034 MiB, 94 %
2026/10/08 12:22:49.773, 16406 MiB, 23034 MiB, 88 %
2026/10/08 12:22:51.774, 16406 MiB, 23034 MiB, 95 %
2026/10/08 12:22:53.774, 16406 MiB, 23034 MiB, 67 %
2026/10/08 12:22:55.775, 16406 MiB, 23034 MiB, 94 %
2026/10/08 12:22:57.775, 16406 MiB, 23034 MiB, 94 %
2026/10/08 12:22:59.776, 16406 MiB, 23034 MiB, 82 %
2026/10/08 12:23:01.776, 16406 MiB, 23034 MiB, 95 %
2026/10/08 12:23:03.777, 16406 MiB, 23034 MiB, 95 %
2026/10/08 12:23:05.778, 16406 MiB, 23034 MiB, 95 %
2026/10/08 12:23:07.778, 16406 MiB, 23034 MiB, 95 %
2026/10/08 12:23:09.779, 16406 MiB, 23034 MiB, 94 %
2026/10/08 12:23:11.780, 16406 MiB, 23034 MiB, 94 %
2026/10/08 12:23:13.780, 16406 MiB, 23034 MiB, 94 %
2026/10/08 12:23:15.781, 16406 MiB, 23034 MiB, 94 %
2026/10/08 12:23:17.781, 16406 MiB, 23034 MiB, 94 %
2026/10/08 12:23:19.782, 16406 MiB, 23034 MiB, 95 %
2026/10/08 12:23:21.782, 16406 MiB, 23034 MiB, 95 %
2026/10/08 12:23:23.783, 16406 MiB, 23034 MiB, 95 %
2026/10/08 12:23:25.784, 16406 MiB, 23034 MiB, 95 %
2026/10/08 12:23:27.784, 16406 MiB, 23034 MiB, 95 %
2026/10/08 12:23:29.785, 16406 MiB, 23034 MiB, 94 %
2026/10/08 12:23:31.786, 16406 MiB, 23034 MiB, 76 %
2026/10/08 12:23:33.786, 16406 MiB, 23034 MiB, 95 %
2026/10/08 12:23:35.787, 16406 MiB, 23034 MiB, 95 %
2026/10/08 12:23:37.787, 16406 MiB, 23034 MiB, 61 %
2026/10/08 12:23:39.788, 16406 MiB, 23034 MiB, 95 %
2026/10/08 12:23:41.788, 16406 MiB, 23034 MiB, 95 %
2026/10/08 12:23:43.789, 16406 MiB, 23034 MiB, 94 %
2026/10/08 12:23:45.790, 16406 MiB, 23034 MiB, 94 %
2026/10/08 12:23:47.790, 16406 MiB, 23034 MiB, 56 %
2026/10/08 12:23:49.791, 16406 MiB, 23034 MiB, 95 %
2026/10/08 12:23:51.791, 16406 MiB, 23034 MiB, 95 %
2026/10/08 12:23:53.792, 16406 MiB, 23034 MiB, 95 %
2026/10/08 12:23:55.792, 16406 MiB, 23034 MiB, 95 %
2026/10/08 12:23:57.793, 16406 MiB, 23034 MiB, 36 %
2026/10/08 12:23:59.794, 16406 MiB, 23034 MiB, 53 %
2026/10/08 12:24:01.794, 16406 MiB, 23034 MiB, 66 %
2026/10/08 12:24:03.795, 16406 MiB, 23034 MiB, 58 %
2026/10/08 12:24:05.795, 16406 MiB, 23034 MiB, 94 %
2026/10/08 12:24:07.796, 16406 MiB, 23034 MiB, 18 %
2026/10/08 12:24:09.797, 16406 MiB, 23034 MiB, 87 %
2026/10/08 12:24:11.797, 16406 MiB, 23034 MiB, 81 %
2026/10/08 12:24:13.798, 16406 MiB, 23034 MiB, 32 %
2026/10/08 12:24:15.799, 16406 MiB, 23034 MiB, 95 %
2026/10/08 12:24:17.799, 16406 MiB, 23034 MiB, 49 %
2026/10/08 12:24:19.800, 16406 MiB, 23034 MiB, 94 %
2026/10/08 12:24:21.800, 16406 MiB, 23034 MiB, 83 %
2026/10/08 12:24:23.801, 16406 MiB, 23034 MiB, 80 %
2026/10/08 12:24:25.802, 16406 MiB, 23034 MiB, 95 %
2026/10/08 12:24:27.802, 16406 MiB, 23034 MiB, 95 %
2026/10/08 12:24:29.802, 16406 MiB, 23034 MiB, 94 %
2026/10/08 12:24:31.803, 16406 MiB, 23034 MiB, 95 %
2026/10/08 12:24:33.803, 16406 MiB, 23034 MiB, 95 %
2026/10/08 12:24:35.804, 16406 MiB, 23034 MiB, 95 %
2026/10/08 12:24:37.805, 16406 MiB, 23034 MiB, 94 %
2026/10/08 12:24:39.805, 16406 MiB, 23034 MiB, 84 %
2026/10/08 12:24:41.806, 16406 MiB, 23034 MiB, 95 %
2026/10/08 12:24:43.806, 16406 MiB, 23034 MiB, 81 %
2026/10/08 12:24:45.807, 16406 MiB, 23034 MiB, 52 %
2026/10/08 12:24:47.808, 16406 MiB, 23034 MiB, 95 %
2026/10/08 12:24:49.808, 16406 MiB, 23034 MiB, 55 %
2026/10/08 12:24:51.809, 16406 MiB, 23034 MiB, 57 %
2026/10/08 12:24:53.809, 16406 MiB, 23034 MiB, 96 %
2026/10/08 12:24:55.810, 16406 MiB, 23034 MiB, 95 %
2026/10/08 12:24:57.811, 16406 MiB, 23034 MiB, 96 %
2026/10/08 12:24:59.811, 16406 MiB, 23034 MiB, 62 %
2026/10/08 12:25:01.812, 16406 MiB, 23034 MiB, 23 %
2026/10/08 12:25:03.812, 16406 MiB, 23034 MiB, 95 %
2026/10/08 12:25:05.813, 16406 MiB, 23034 MiB, 94 %
2026/10/08 12:25:07.814, 16406 MiB, 23034 MiB, 95 %
2026/10/08 12:25:09.814, 16406 MiB, 23034 MiB, 94 %
2026/10/08 12:25:11.815, 16406 MiB, 23034 MiB, 94 %
2026/10/08 12:25:13.816, 16406 MiB, 23034 MiB, 83 %
2026/10/08 12:25:15.816, 16406 MiB, 23034 MiB, 61 %
2026/10/08 12:25:17.817, 16406 MiB, 23034 MiB, 63 %
2026/10/08 12:25:19.817, 16406 MiB, 23034 MiB, 82 %
2026/10/08 12:25:21.818, 16406 MiB, 23034 MiB, 87 %
2026/10/08 12:25:23.819, 16406 MiB, 23034 MiB, 93 %
2026/10/08 12:25:25.819, 16406 MiB, 23034 MiB, 94 %
2026/10/08 12:25:27.820, 16406 MiB, 23034 MiB, 94 %
2026/10/08 12:25:29.821, 16406 MiB, 23034 MiB, 79 %
2026/10/08 12:25:31.821, 16406 MiB, 23034 MiB, 86 %
2026/10/08 12:25:33.822, 16406 MiB, 23034 MiB, 96 %
2026/10/08 12:25:35.822, 16406 MiB, 23034 MiB, 95 %
2026/10/08 12:25:37.823, 16406 MiB, 23034 MiB, 96 %
2026/10/08 12:25:39.823, 16406 MiB, 23034 MiB, 96 %
2026/10/08 12:25:41.824, 16406 MiB, 23034 MiB, 76 %
2026/10/08 12:25:43.825, 16406 MiB, 23034 MiB, 32 %
2026/10/08 12:25:45.825, 16406 MiB, 23034 MiB, 37 %
2026/10/08 12:25:47.826, 16406 MiB, 23034 MiB, 77 %
2026/10/08 12:25:49.826, 16406 MiB, 23034 MiB, 94 %
2026/10/08 12:25:51.827, 16406 MiB, 23034 MiB, 95 %
2026/10/08 12:25:53.828, 16406 MiB, 23034 MiB, 96 %
2026/10/08 12:25:55.828, 16406 MiB, 23034 MiB, 96 %
2026/10/08 12:25:57.829, 16406 MiB, 23034 MiB, 95 %
2026/10/08 12:25:59.829, 16406 MiB, 23034 MiB, 89 %
2026/10/08 12:26:01.830, 16406 MiB, 23034 MiB, 96 %
2026/10/08 12:26:03.831, 16406 MiB, 23034 MiB, 95 %
2026/10/08 12:26:05.831, 16406 MiB, 23034 MiB, 95 %
2026/10/08 12:26:07.832, 16406 MiB, 23034 MiB, 95 %
2026/10/08 12:26:09.832, 16406 MiB, 23034 MiB, 95 %
2026/10/08 12:26:11.833, 16406 MiB, 23034 MiB, 95 %
2026/10/08 12:26:13.833, 16406 MiB, 23034 MiB, 95 %
2026/10/08 12:26:15.834, 16406 MiB, 23034 MiB, 95 %
2026/10/08 12:26:17.835, 16406 MiB, 23034 MiB, 95 %
2026/10/08 12:26:19.835, 16406 MiB, 23034 MiB, 91 %
2026/10/08 12:26:21.836, 16406 MiB, 23034 MiB, 91 %
2026/10/08 12:26:23.836, 16406 MiB, 23034 MiB, 95 %
2026/10/08 12:26:25.837, 16406 MiB, 23034 MiB, 95 %
2026/10/08 12:26:27.837, 16406 MiB, 23034 MiB, 95 %
2026/10/08 12:26:29.838, 16406 MiB, 23034 MiB, 72 %
2026/10/08 12:26:31.838, 16406 MiB, 23034 MiB, 95 %
2026/10/08 12:26:33.839, 16406 MiB, 23034 MiB, 46 %
2026/10/08 12:26:35.840, 16406 MiB, 23034 MiB, 95 %
2026/10/08 12:26:37.840, 16406 MiB, 23034 MiB, 81 %
2026/10/08 12:26:39.841, 16406 MiB, 23034 MiB, 95 %
2026/10/08 12:26:41.842, 16406 MiB, 23034 MiB, 95 %
2026/10/08 12:26:43.842, 16406 MiB, 23034 MiB, 95 %
2026/10/08 12:26:45.843, 16406 MiB, 23034 MiB, 95 %
2026/10/08 12:26:47.843, 16406 MiB, 23034 MiB, 47 %
2026/10/08 12:26:49.844, 16406 MiB, 23034 MiB, 95 %
2026/10/08 12:26:51.845, 16406 MiB, 23034 MiB, 94 %
2026/10/08 12:26:53.845, 16406 MiB, 23034 MiB, 95 %
2026/10/08 12:26:55.846, 16406 MiB, 23034 MiB, 95 %
2026/10/08 12:26:57.847, 16406 MiB, 23034 MiB, 83 %
2026/10/08 12:26:59.847, 16406 MiB, 23034 MiB, 95 %
2026/10/08 12:27:01.848, 16406 MiB, 23034 MiB, 95 %
2026/10/08 12:27:03.849, 16406 MiB, 23034 MiB, 95 %
2026/10/08 12:27:05.849, 16406 MiB, 23034 MiB, 95 %
2026/10/08 12:27:07.850, 16406 MiB, 23034 MiB, 95 %
2026/10/08 12:27:09.850, 16406 MiB, 23034 MiB, 95 %
2026/10/08 12:27:11.851, 16406 MiB, 23034 MiB, 73 %
2026/10/08 12:27:13.853, 16406 MiB, 23034 MiB, 47 %
2026/10/08 12:27:15.854, 16406 MiB, 23034 MiB, 89 %
2026/10/08 12:27:17.855, 16406 MiB, 23034 MiB, 76 %
2026/10/08 12:27:19.855, 16406 MiB, 23034 MiB, 94 %
2026/10/08 12:27:21.856, 16406 MiB, 23034 MiB, 95 %
2026/10/08 12:27:23.856, 16406 MiB, 23034 MiB, 95 %
2026/10/08 12:27:25.857, 16406 MiB, 23034 MiB, 95 %
2026/10/08 12:27:27.858, 16406 MiB, 23034 MiB, 83 %
2026/10/08 12:27:29.858, 16406 MiB, 23034 MiB, 95 %
2026/10/08 12:27:31.859, 16406 MiB, 23034 MiB, 95 %
2026/10/08 12:27:33.859, 16406 MiB, 23034 MiB, 95 %
2026/10/08 12:27:35.860, 16406 MiB, 23034 MiB, 95 %
2026/10/08 12:27:37.860, 16406 MiB, 23034 MiB, 95 %
2026/10/08 12:27:39.861, 16406 MiB, 23034 MiB, 71 %
2026/10/08 12:27:41.861, 16406 MiB, 23034 MiB, 95 %
2026/10/08 12:27:43.862, 16406 MiB, 23034 MiB, 95 %
2026/10/08 12:27:45.863, 16406 MiB, 23034 MiB, 43 %
2026/10/08 12:27:47.863, 16406 MiB, 23034 MiB, 95 %
2026/10/08 12:27:49.864, 16406 MiB, 23034 MiB, 95 %
2026/10/08 12:27:51.864, 16406 MiB, 23034 MiB, 95 %
2026/10/08 12:27:53.865, 16406 MiB, 23034 MiB, 95 %
2026/10/08 12:27:55.865, 16406 MiB, 23034 MiB, 95 %
2026/10/08 12:27:57.866, 16406 MiB, 23034 MiB, 96 %
2026/10/08 12:27:59.866, 16406 MiB, 23034 MiB, 95 %
2026/10/08 12:28:01.867, 16406 MiB, 23034 MiB, 95 %
2026/10/08 12:28:03.868, 16406 MiB, 23034 MiB, 95 %
2026/10/08 12:28:05.868, 16406 MiB, 23034 MiB, 95 %
2026/10/08 12:28:07.869, 16406 MiB, 23034 MiB, 95 %
2026/10/08 12:28:09.869, 16406 MiB, 23034 MiB, 95 %
2026/10/08 12:28:11.870, 16406 MiB, 23034 MiB, 96 %
2026/10/08 12:28:13.871, 16406 MiB, 23034 MiB, 96 %
2026/10/08 12:28:15.871, 16406 MiB, 23034 MiB, 95 %
2026/10/08 12:28:17.872, 16406 MiB, 23034 MiB, 95 %
2026/10/08 12:28:19.872, 16406 MiB, 23034 MiB, 96 %
2026/10/08 12:28:21.873, 16406 MiB, 23034 MiB, 95 %
2026/10/08 12:28:23.874, 16406 MiB, 23034 MiB, 95 %
2026/10/08 12:28:25.874, 16406 MiB, 23034 MiB, 81 %
2026/10/08 12:28:27.875, 16406 MiB, 23034 MiB, 96 %
2026/10/08 12:28:29.875, 16406 MiB, 23034 MiB, 96 %
2026/10/08 12:28:31.876, 16406 MiB, 23034 MiB, 95 %
2026/10/08 12:28:33.877, 16406 MiB, 23034 MiB, 73 %
2026/10/08 12:28:35.877, 16406 MiB, 23034 MiB, 39 %
2026/10/08 12:28:37.878, 16406 MiB, 23034 MiB, 96 %
2026/10/08 12:28:39.878, 16406 MiB, 23034 MiB, 96 %
2026/10/08 12:28:41.879, 16406 MiB, 23034 MiB, 95 %
2026/10/08 12:28:43.879, 16406 MiB, 23034 MiB, 95 %
2026/10/08 12:28:45.880, 16406 MiB, 23034 MiB, 96 %
2026/10/08 12:28:47.880, 16406 MiB, 23034 MiB, 96 %
2026/10/08 12:28:49.881, 16406 MiB, 23034 MiB, 95 %
2026/10/08 12:28:51.882, 16406 MiB, 23034 MiB, 55 %
2026/10/08 12:28:53.882, 16406 MiB, 23034 MiB, 96 %
2026/10/08 12:28:55.883, 16406 MiB, 23034 MiB, 94 %
2026/10/08 12:28:57.883, 16406 MiB, 23034 MiB, 96 %
2026/10/08 12:28:59.884, 16406 MiB, 23034 MiB, 95 %
2026/10/08 12:29:01.884, 16406 MiB, 23034 MiB, 95 %
2026/10/08 12:29:03.885, 16406 MiB, 23034 MiB, 96 %
2026/10/08 12:29:05.886, 16406 MiB, 23034 MiB, 41 %
2026/10/08 12:29:07.886, 16406 MiB, 23034 MiB, 37 %
2026/10/08 12:29:09.887, 16406 MiB, 23034 MiB, 96 %
2026/10/08 12:29:11.887, 16406 MiB, 23034 MiB, 94 %
2026/10/08 12:29:13.888, 16406 MiB, 23034 MiB, 95 %
2026/10/08 12:29:15.888, 16406 MiB, 23034 MiB, 63 %
2026/10/08 12:29:17.889, 16406 MiB, 23034 MiB, 94 %
2026/10/08 12:29:19.890, 16406 MiB, 23034 MiB, 96 %
2026/10/08 12:29:21.890, 16406 MiB, 23034 MiB, 96 %
2026/10/08 12:29:23.891, 16406 MiB, 23034 MiB, 95 %
2026/10/08 12:29:25.891, 16406 MiB, 23034 MiB, 96 %
2026/10/08 12:29:27.892, 16406 MiB, 23034 MiB, 95 %
2026/10/08 12:29:29.893, 16406 MiB, 23034 MiB, 96 %
2026/10/08 12:29:31.893, 16406 MiB, 23034 MiB, 96 %
2026/10/08 12:29:33.894, 16406 MiB, 23034 MiB, 95 %
2026/10/08 12:29:35.894, 16406 MiB, 23034 MiB, 94 %
2026/10/08 12:29:37.895, 16406 MiB, 23034 MiB, 96 %
2026/10/08 12:29:39.895, 16406 MiB, 23034 MiB, 94 %
2026/10/08 12:29:41.896, 16406 MiB, 23034 MiB, 94 %
2026/10/08 12:29:43.896, 16406 MiB, 23034 MiB, 95 %
2026/10/08 12:29:45.897, 16406 MiB, 23034 MiB, 39 %
2026/10/08 12:29:47.898, 16406 MiB, 23034 MiB, 95 %
2026/10/08 12:29:49.898, 16406 MiB, 23034 MiB, 95 %
2026/10/08 12:29:51.899, 16406 MiB, 23034 MiB, 96 %
2026/10/08 12:29:53.899, 16406 MiB, 23034 MiB, 94 %
2026/10/08 12:29:55.900, 16406 MiB, 23034 MiB, 82 %
2026/10/08 12:29:57.901, 16406 MiB, 23034 MiB, 29 %
2026/10/08 12:29:59.901, 16406 MiB, 23034 MiB, 95 %
2026/10/08 12:30:01.902, 16406 MiB, 23034 MiB, 94 %
2026/10/08 12:30:03.902, 16406 MiB, 23034 MiB, 96 %
2026/10/08 12:30:05.903, 16406 MiB, 23034 MiB, 66 %
2026/10/08 12:30:07.904, 16406 MiB, 23034 MiB, 95 %
2026/10/08 12:30:09.904, 16406 MiB, 23034 MiB, 94 %
2026/10/08 12:30:11.905, 16406 MiB, 23034 MiB, 77 %
2026/10/08 12:30:13.905, 16406 MiB, 23034 MiB, 95 %
2026/10/08 12:30:15.906, 16406 MiB, 23034 MiB, 95 %
2026/10/08 12:30:17.907, 16406 MiB, 23034 MiB, 95 %
2026/10/08 12:30:19.907, 16406 MiB, 23034 MiB, 94 %
2026/10/08 12:30:21.908, 16406 MiB, 23034 MiB, 95 %
2026/10/08 12:30:23.908, 16406 MiB, 23034 MiB, 96 %
2026/10/08 12:30:25.909, 16406 MiB, 23034 MiB, 95 %
2026/10/08 12:30:27.910, 16406 MiB, 23034 MiB, 95 %
2026/10/08 12:30:29.910, 16406 MiB, 23034 MiB, 95 %
2026/10/08 12:30:31.911, 16406 MiB, 23034 MiB, 95 %
2026/10/08 12:30:33.911, 16406 MiB, 23034 MiB, 95 %
2026/10/08 12:30:35.912, 16406 MiB, 23034 MiB, 95 %
2026/10/08 12:30:37.912, 16406 MiB, 23034 MiB, 95 %
2026/10/08 12:30:39.913, 16406 MiB, 23034 MiB, 94 %
2026/10/08 12:30:41.914, 16406 MiB, 23034 MiB, 76 %
2026/10/08 12:30:43.914, 16406 MiB, 23034 MiB, 95 %
2026/10/08 12:30:45.915, 16406 MiB, 23034 MiB, 95 %
2026/10/08 12:30:47.915, 16406 MiB, 23034 MiB, 94 %
2026/10/08 12:30:49.916, 16406 MiB, 23034 MiB, 95 %
2026/10/08 12:30:51.916, 16406 MiB, 23034 MiB, 95 %
2026/10/08 12:30:53.917, 16406 MiB, 23034 MiB, 28 %
2026/10/08 12:30:55.917, 16406 MiB, 23034 MiB, 95 %
2026/10/08 12:30:57.918, 16406 MiB, 23034 MiB, 95 %
2026/10/08 12:30:59.919, 16406 MiB, 23034 MiB, 95 %
2026/10/08 12:31:01.919, 16406 MiB, 23034 MiB, 95 %
2026/10/08 12:31:03.920, 16406 MiB, 23034 MiB, 48 %
2026/10/08 12:31:05.921, 16406 MiB, 23034 MiB, 95 %
2026/10/08 12:31:07.921, 16406 MiB, 23034 MiB, 95 %
2026/10/08 12:31:09.922, 16406 MiB, 23034 MiB, 95 %
2026/10/08 12:31:11.922, 16406 MiB, 23034 MiB, 95 %
2026/10/08 12:31:13.923, 16406 MiB, 23034 MiB, 81 %
2026/10/08 12:31:15.924, 16406 MiB, 23034 MiB, 95 %
2026/10/08 12:31:17.925, 16406 MiB, 23034 MiB, 56 %
2026/10/08 12:31:19.925, 16406 MiB, 23034 MiB, 95 %
2026/10/08 12:31:21.926, 16406 MiB, 23034 MiB, 82 %
2026/10/08 12:31:23.927, 16406 MiB, 23034 MiB, 95 %
2026/10/08 12:31:25.927, 16406 MiB, 23034 MiB, 95 %
2026/10/08 12:31:27.928, 16406 MiB, 23034 MiB, 95 %
2026/10/08 12:31:29.928, 13347 MiB, 23034 MiB, 0 %
2026/10/08 12:31:31.929, 13347 MiB, 23034 MiB, 0 %
2026/10/08 12:31:33.930, 13347 MiB, 23034 MiB, 0 %
2026/10/08 12:31:35.930, 13347 MiB, 23034 MiB, 0 %
2026/10/08 12:31:37.931, 14698 MiB, 23034 MiB, 0 %
2026/10/08 12:31:39.931, 15766 MiB, 23034 MiB, 51 %
2026/10/08 12:31:41.932, 15960 MiB, 23034 MiB, 47 %
2026/10/08 12:31:43.933, 16022 MiB, 23034 MiB, 95 %
2026/10/08 12:31:45.933, 16086 MiB, 23034 MiB, 49 %
2026/10/08 12:31:47.934, 16088 MiB, 23034 MiB, 95 %
2026/10/08 12:31:49.934, 16088 MiB, 23034 MiB, 95 %
2026/10/08 12:31:51.935, 16088 MiB, 23034 MiB, 95 %
2026/10/08 12:31:53.935, 16088 MiB, 23034 MiB, 95 %
2026/10/08 12:31:55.936, 16088 MiB, 23034 MiB, 96 %
2026/10/08 12:31:57.937, 16088 MiB, 23034 MiB, 95 %
2026/10/08 12:31:59.937, 16088 MiB, 23034 MiB, 37 %
2026/10/08 12:32:01.938, 16088 MiB, 23034 MiB, 50 %
2026/10/08 12:32:03.938, 16088 MiB, 23034 MiB, 56 %
2026/10/08 12:32:05.939, 16088 MiB, 23034 MiB, 95 %
2026/10/08 12:32:07.940, 16088 MiB, 23034 MiB, 95 %
2026/10/08 12:32:09.940, 16090 MiB, 23034 MiB, 95 %
2026/10/08 12:32:11.941, 16090 MiB, 23034 MiB, 95 %
2026/10/08 12:32:13.942, 16090 MiB, 23034 MiB, 95 %
2026/10/08 12:32:15.942, 16090 MiB, 23034 MiB, 95 %
2026/10/08 12:32:17.943, 16090 MiB, 23034 MiB, 95 %
2026/10/08 12:32:19.944, 16090 MiB, 23034 MiB, 94 %
2026/10/08 12:32:21.944, 16090 MiB, 23034 MiB, 95 %
2026/10/08 12:32:23.945, 16090 MiB, 23034 MiB, 95 %
2026/10/08 12:32:25.945, 16090 MiB, 23034 MiB, 95 %
2026/10/08 12:32:27.946, 16090 MiB, 23034 MiB, 94 %
2026/10/08 12:32:29.947, 16090 MiB, 23034 MiB, 96 %
2026/10/08 12:32:31.947, 16090 MiB, 23034 MiB, 95 %
2026/10/08 12:32:33.948, 16090 MiB, 23034 MiB, 96 %
2026/10/08 12:32:35.949, 16090 MiB, 23034 MiB, 95 %
2026/10/08 12:32:37.949, 16090 MiB, 23034 MiB, 96 %
2026/10/08 12:32:39.950, 16090 MiB, 23034 MiB, 46 %
2026/10/08 12:32:41.950, 16090 MiB, 23034 MiB, 96 %
2026/10/08 12:32:43.951, 16090 MiB, 23034 MiB, 95 %
2026/10/08 12:32:45.952, 16090 MiB, 23034 MiB, 45 %
2026/10/08 12:32:47.952, 16090 MiB, 23034 MiB, 96 %
2026/10/08 12:32:49.953, 16090 MiB, 23034 MiB, 95 %
2026/10/08 12:32:51.954, 16090 MiB, 23034 MiB, 96 %
2026/10/08 12:32:53.954, 16090 MiB, 23034 MiB, 36 %
2026/10/08 12:32:55.955, 16090 MiB, 23034 MiB, 96 %
2026/10/08 12:32:57.955, 16090 MiB, 23034 MiB, 96 %
2026/10/08 12:32:59.956, 16090 MiB, 23034 MiB, 47 %
2026/10/08 12:33:01.956, 16090 MiB, 23034 MiB, 81 %
2026/10/08 12:33:03.957, 16090 MiB, 23034 MiB, 94 %
2026/10/08 12:33:05.958, 16090 MiB, 23034 MiB, 95 %
2026/10/08 12:33:07.958, 16090 MiB, 23034 MiB, 95 %
2026/10/08 12:33:09.959, 16090 MiB, 23034 MiB, 94 %
2026/10/08 12:33:11.960, 16090 MiB, 23034 MiB, 95 %
2026/10/08 12:33:13.960, 16090 MiB, 23034 MiB, 96 %
2026/10/08 12:33:15.961, 16090 MiB, 23034 MiB, 35 %
2026/10/08 12:33:17.962, 16090 MiB, 23034 MiB, 96 %
2026/10/08 12:33:19.962, 16090 MiB, 23034 MiB, 95 %
2026/10/08 12:33:21.963, 16090 MiB, 23034 MiB, 94 %
2026/10/08 12:33:23.963, 16090 MiB, 23034 MiB, 93 %
2026/10/08 12:33:25.964, 16090 MiB, 23034 MiB, 43 %
2026/10/08 12:33:27.964, 16090 MiB, 23034 MiB, 96 %
2026/10/08 12:33:29.965, 16090 MiB, 23034 MiB, 96 %
2026/10/08 12:33:31.966, 16090 MiB, 23034 MiB, 96 %
2026/10/08 12:33:33.966, 16090 MiB, 23034 MiB, 78 %
2026/10/08 12:33:35.967, 16090 MiB, 23034 MiB, 96 %
2026/10/08 12:33:37.967, 16090 MiB, 23034 MiB, 86 %
2026/10/08 12:33:39.968, 16090 MiB, 23034 MiB, 96 %
2026/10/08 12:33:41.968, 16090 MiB, 23034 MiB, 68 %
2026/10/08 12:33:43.969, 16090 MiB, 23034 MiB, 96 %
2026/10/08 12:33:45.970, 16090 MiB, 23034 MiB, 95 %
2026/10/08 12:33:47.970, 16090 MiB, 23034 MiB, 95 %
2026/10/08 12:33:49.971, 16090 MiB, 23034 MiB, 54 %
2026/10/08 12:33:51.971, 16090 MiB, 23034 MiB, 95 %
2026/10/08 12:33:53.972, 16090 MiB, 23034 MiB, 96 %
2026/10/08 12:33:55.973, 16090 MiB, 23034 MiB, 95 %
2026/10/08 12:33:57.973, 16090 MiB, 23034 MiB, 47 %
2026/10/08 12:33:59.974, 16090 MiB, 23034 MiB, 45 %
2026/10/08 12:34:01.974, 16090 MiB, 23034 MiB, 94 %
2026/10/08 12:34:03.975, 16090 MiB, 23034 MiB, 95 %
2026/10/08 12:34:05.976, 16090 MiB, 23034 MiB, 96 %
2026/10/08 12:34:07.976, 16090 MiB, 23034 MiB, 75 %
2026/10/08 12:34:09.977, 16090 MiB, 23034 MiB, 94 %
2026/10/08 12:34:11.978, 16090 MiB, 23034 MiB, 95 %
2026/10/08 12:34:13.978, 16090 MiB, 23034 MiB, 94 %
2026/10/08 12:34:15.979, 16090 MiB, 23034 MiB, 96 %
2026/10/08 12:34:17.979, 16090 MiB, 23034 MiB, 96 %
2026/10/08 12:34:19.980, 16090 MiB, 23034 MiB, 95 %
2026/10/08 12:34:21.981, 16090 MiB, 23034 MiB, 63 %
2026/10/08 12:34:23.982, 16090 MiB, 23034 MiB, 95 %
2026/10/08 12:34:25.983, 16090 MiB, 23034 MiB, 94 %
2026/10/08 12:34:27.983, 16090 MiB, 23034 MiB, 83 %
2026/10/08 12:34:29.984, 16090 MiB, 23034 MiB, 95 %
2026/10/08 12:34:31.984, 16090 MiB, 23034 MiB, 94 %
2026/10/08 12:34:33.985, 16090 MiB, 23034 MiB, 95 %
2026/10/08 12:34:35.985, 16090 MiB, 23034 MiB, 95 %
2026/10/08 12:34:37.986, 16090 MiB, 23034 MiB, 82 %
2026/10/08 12:34:39.987, 16090 MiB, 23034 MiB, 95 %
2026/10/08 12:34:41.987, 16090 MiB, 23034 MiB, 44 %
2026/10/08 12:34:43.988, 16090 MiB, 23034 MiB, 95 %
2026/10/08 12:34:45.989, 16090 MiB, 23034 MiB, 48 %
2026/10/08 12:34:47.989, 16090 MiB, 23034 MiB, 95 %
2026/10/08 12:34:49.990, 16090 MiB, 23034 MiB, 95 %
2026/10/08 12:34:51.991, 16090 MiB, 23034 MiB, 95 %
2026/10/08 12:34:53.991, 16090 MiB, 23034 MiB, 95 %
2026/10/08 12:34:55.992, 16090 MiB, 23034 MiB, 95 %
2026/10/08 12:34:57.992, 16090 MiB, 23034 MiB, 81 %
2026/10/08 12:34:59.993, 16090 MiB, 23034 MiB, 95 %
2026/10/08 12:35:01.993, 16090 MiB, 23034 MiB, 95 %
2026/10/08 12:35:03.994, 16090 MiB, 23034 MiB, 95 %
2026/10/08 12:35:05.995, 16090 MiB, 23034 MiB, 63 %
2026/10/08 12:35:07.995, 16090 MiB, 23034 MiB, 95 %
2026/10/08 12:35:09.996, 16090 MiB, 23034 MiB, 95 %
2026/10/08 12:35:11.996, 16090 MiB, 23034 MiB, 95 %
2026/10/08 12:35:13.997, 16090 MiB, 23034 MiB, 65 %
2026/10/08 12:35:15.997, 16090 MiB, 23034 MiB, 95 %
2026/10/08 12:35:17.998, 16090 MiB, 23034 MiB, 95 %
2026/10/08 12:35:19.999, 16090 MiB, 23034 MiB, 26 %
2026/10/08 12:35:21.999, 16090 MiB, 23034 MiB, 95 %
2026/10/08 12:35:24.000, 16090 MiB, 23034 MiB, 27 %
2026/10/08 12:35:26.001, 16090 MiB, 23034 MiB, 95 %
2026/10/08 12:35:28.002, 16090 MiB, 23034 MiB, 95 %
2026/10/08 12:35:30.002, 16090 MiB, 23034 MiB, 66 %
2026/10/08 12:35:32.003, 16090 MiB, 23034 MiB, 95 %
2026/10/08 12:35:34.004, 16090 MiB, 23034 MiB, 95 %
2026/10/08 12:35:36.004, 16090 MiB, 23034 MiB, 67 %
2026/10/08 12:35:38.005, 16090 MiB, 23034 MiB, 95 %
2026/10/08 12:35:40.005, 16090 MiB, 23034 MiB, 95 %
2026/10/08 12:35:42.006, 16090 MiB, 23034 MiB, 95 %
2026/10/08 12:35:44.007, 16090 MiB, 23034 MiB, 95 %
2026/10/08 12:35:46.007, 16090 MiB, 23034 MiB, 95 %
2026/10/08 12:35:48.008, 16090 MiB, 23034 MiB, 95 %
2026/10/08 12:35:50.009, 16090 MiB, 23034 MiB, 83 %
2026/10/08 12:35:52.009, 16090 MiB, 23034 MiB, 34 %
2026/10/08 12:35:54.010, 16090 MiB, 23034 MiB, 95 %
2026/10/08 12:35:56.011, 16090 MiB, 23034 MiB, 95 %
2026/10/08 12:35:58.011, 16090 MiB, 23034 MiB, 95 %
2026/10/08 12:36:00.012, 16090 MiB, 23034 MiB, 95 %
2026/10/08 12:36:02.012, 16090 MiB, 23034 MiB, 95 %
2026/10/08 12:36:04.012, 16090 MiB, 23034 MiB, 95 %
2026/10/08 12:36:06.013, 16090 MiB, 23034 MiB, 95 %
2026/10/08 12:36:08.013, 16158 MiB, 23034 MiB, 95 %
2026/10/08 12:36:10.014, 16158 MiB, 23034 MiB, 95 %
2026/10/08 12:36:12.015, 16158 MiB, 23034 MiB, 95 %
2026/10/08 12:36:14.015, 16158 MiB, 23034 MiB, 95 %
2026/10/08 12:36:16.016, 16158 MiB, 23034 MiB, 76 %
2026/10/08 12:36:18.016, 16158 MiB, 23034 MiB, 82 %
2026/10/08 12:36:20.017, 16158 MiB, 23034 MiB, 95 %
2026/10/08 12:36:22.018, 16158 MiB, 23034 MiB, 95 %
2026/10/08 12:36:24.018, 16158 MiB, 23034 MiB, 95 %
2026/10/08 12:36:26.019, 16158 MiB, 23034 MiB, 34 %
2026/10/08 12:36:28.019, 16158 MiB, 23034 MiB, 51 %
2026/10/08 12:36:30.020, 16158 MiB, 23034 MiB, 82 %
2026/10/08 12:36:32.021, 16158 MiB, 23034 MiB, 60 %
2026/10/08 12:36:34.021, 16158 MiB, 23034 MiB, 95 %
2026/10/08 12:36:36.022, 16158 MiB, 23034 MiB, 81 %
2026/10/08 12:36:38.022, 16158 MiB, 23034 MiB, 82 %
2026/10/08 12:36:40.023, 16158 MiB, 23034 MiB, 94 %
2026/10/08 12:36:42.024, 16158 MiB, 23034 MiB, 95 %
2026/10/08 12:36:44.024, 16158 MiB, 23034 MiB, 95 %
2026/10/08 12:36:46.025, 16158 MiB, 23034 MiB, 95 %
2026/10/08 12:36:48.025, 16158 MiB, 23034 MiB, 94 %
2026/10/08 12:36:50.026, 16158 MiB, 23034 MiB, 47 %
2026/10/08 12:36:52.027, 16158 MiB, 23034 MiB, 95 %
2026/10/08 12:36:54.027, 16158 MiB, 23034 MiB, 95 %
2026/10/08 12:36:56.028, 16158 MiB, 23034 MiB, 96 %
2026/10/08 12:36:58.028, 16158 MiB, 23034 MiB, 94 %
2026/10/08 12:37:00.029, 16230 MiB, 23034 MiB, 83 %
2026/10/08 12:37:02.029, 16230 MiB, 23034 MiB, 95 %
2026/10/08 12:37:04.030, 16230 MiB, 23034 MiB, 94 %
2026/10/08 12:37:06.030, 16230 MiB, 23034 MiB, 29 %
2026/10/08 12:37:08.031, 16230 MiB, 23034 MiB, 95 %
2026/10/08 12:37:10.032, 16230 MiB, 23034 MiB, 94 %
2026/10/08 12:37:12.032, 16230 MiB, 23034 MiB, 94 %
2026/10/08 12:37:14.033, 16230 MiB, 23034 MiB, 89 %
2026/10/08 12:37:16.033, 16230 MiB, 23034 MiB, 96 %
2026/10/08 12:37:18.034, 16230 MiB, 23034 MiB, 0 %
2026/10/08 12:37:20.035, 13347 MiB, 23034 MiB, 0 %
2026/10/08 12:37:22.035, 13347 MiB, 23034 MiB, 0 %
2026/10/08 12:37:24.036, 13347 MiB, 23034 MiB, 0 %
2026/10/08 12:37:26.037, 13347 MiB, 23034 MiB, 0 %
2026/10/08 12:37:28.038, 14698 MiB, 23034 MiB, 14 %
2026/10/08 12:37:30.039, 15766 MiB, 23034 MiB, 0 %
2026/10/08 12:37:32.039, 15858 MiB, 23034 MiB, 95 %
2026/10/08 12:37:34.040, 15858 MiB, 23034 MiB, 96 %
2026/10/08 12:37:36.041, 15878 MiB, 23034 MiB, 96 %
2026/10/08 12:37:38.041, 15878 MiB, 23034 MiB, 96 %
2026/10/08 12:37:40.042, 15878 MiB, 23034 MiB, 40 %
2026/10/08 12:37:42.042, 15880 MiB, 23034 MiB, 94 %
2026/10/08 12:37:44.043, 15880 MiB, 23034 MiB, 96 %
2026/10/08 12:37:46.043, 15880 MiB, 23034 MiB, 96 %
2026/10/08 12:37:48.044, 15880 MiB, 23034 MiB, 95 %
2026/10/08 12:37:50.044, 15880 MiB, 23034 MiB, 22 %
2026/10/08 12:37:52.045, 15880 MiB, 23034 MiB, 73 %
2026/10/08 12:37:54.046, 15880 MiB, 23034 MiB, 95 %
2026/10/08 12:37:56.046, 15880 MiB, 23034 MiB, 36 %
2026/10/08 12:37:58.047, 15880 MiB, 23034 MiB, 96 %
2026/10/08 12:38:00.047, 15880 MiB, 23034 MiB, 82 %
2026/10/08 12:38:02.048, 15880 MiB, 23034 MiB, 95 %
2026/10/08 12:38:04.049, 15880 MiB, 23034 MiB, 63 %
2026/10/08 12:38:06.049, 15880 MiB, 23034 MiB, 27 %
2026/10/08 12:38:08.050, 15880 MiB, 23034 MiB, 96 %
2026/10/08 12:38:10.051, 15880 MiB, 23034 MiB, 96 %
2026/10/08 12:38:12.051, 15880 MiB, 23034 MiB, 96 %
2026/10/08 12:38:14.052, 15880 MiB, 23034 MiB, 96 %
2026/10/08 12:38:16.053, 15880 MiB, 23034 MiB, 20 %
2026/10/08 12:38:18.053, 15880 MiB, 23034 MiB, 81 %
2026/10/08 12:38:20.054, 15880 MiB, 23034 MiB, 94 %
2026/10/08 12:38:22.054, 15880 MiB, 23034 MiB, 96 %
2026/10/08 12:38:24.055, 15880 MiB, 23034 MiB, 94 %
2026/10/08 12:38:26.055, 15880 MiB, 23034 MiB, 95 %
2026/10/08 12:38:28.056, 15880 MiB, 23034 MiB, 96 %
2026/10/08 12:38:30.057, 15880 MiB, 23034 MiB, 96 %
2026/10/08 12:38:32.058, 15880 MiB, 23034 MiB, 17 %
2026/10/08 12:38:34.058, 15882 MiB, 23034 MiB, 96 %
2026/10/08 12:38:36.059, 15882 MiB, 23034 MiB, 31 %
2026/10/08 12:38:38.059, 15882 MiB, 23034 MiB, 95 %
2026/10/08 12:38:40.060, 15898 MiB, 23034 MiB, 94 %
2026/10/08 12:38:42.061, 15898 MiB, 23034 MiB, 96 %
2026/10/08 12:38:44.061, 15918 MiB, 23034 MiB, 82 %
2026/10/08 12:38:46.062, 15918 MiB, 23034 MiB, 96 %
2026/10/08 12:38:48.062, 15918 MiB, 23034 MiB, 95 %
2026/10/08 12:38:50.063, 15918 MiB, 23034 MiB, 95 %
2026/10/08 12:38:52.064, 15918 MiB, 23034 MiB, 45 %
2026/10/08 12:38:54.064, 15918 MiB, 23034 MiB, 39 %
2026/10/08 12:38:56.065, 15918 MiB, 23034 MiB, 96 %
2026/10/08 12:38:58.065, 15918 MiB, 23034 MiB, 76 %
2026/10/08 12:39:00.066, 15918 MiB, 23034 MiB, 95 %
2026/10/08 12:39:02.066, 15918 MiB, 23034 MiB, 95 %
2026/10/08 12:39:04.067, 15918 MiB, 23034 MiB, 95 %
2026/10/08 12:39:06.068, 15918 MiB, 23034 MiB, 45 %
2026/10/08 12:39:08.068, 15918 MiB, 23034 MiB, 40 %
2026/10/08 12:39:10.069, 15918 MiB, 23034 MiB, 95 %
2026/10/08 12:39:12.069, 15962 MiB, 23034 MiB, 23 %
2026/10/08 12:39:14.070, 15962 MiB, 23034 MiB, 95 %
2026/10/08 12:39:16.071, 15962 MiB, 23034 MiB, 95 %
2026/10/08 12:39:18.071, 15962 MiB, 23034 MiB, 95 %
2026/10/08 12:39:20.072, 15962 MiB, 23034 MiB, 95 %
2026/10/08 12:39:22.072, 15962 MiB, 23034 MiB, 83 %
2026/10/08 12:39:24.073, 15962 MiB, 23034 MiB, 64 %
2026/10/08 12:39:26.073, 15962 MiB, 23034 MiB, 95 %
2026/10/08 12:39:28.074, 15962 MiB, 23034 MiB, 95 %
2026/10/08 12:39:30.075, 15962 MiB, 23034 MiB, 80 %
2026/10/08 12:39:32.076, 15962 MiB, 23034 MiB, 95 %
2026/10/08 12:39:34.076, 15962 MiB, 23034 MiB, 95 %
2026/10/08 12:39:36.077, 15962 MiB, 23034 MiB, 35 %
2026/10/08 12:39:38.077, 15962 MiB, 23034 MiB, 95 %
2026/10/08 12:39:40.078, 15962 MiB, 23034 MiB, 24 %
2026/10/08 12:39:42.078, 15962 MiB, 23034 MiB, 95 %
2026/10/08 12:39:44.079, 15962 MiB, 23034 MiB, 95 %
2026/10/08 12:39:46.080, 15962 MiB, 23034 MiB, 29 %
2026/10/08 12:39:48.080, 15962 MiB, 23034 MiB, 94 %
2026/10/08 12:39:50.081, 15962 MiB, 23034 MiB, 95 %
2026/10/08 12:39:52.082, 16010 MiB, 23034 MiB, 95 %
2026/10/08 12:39:54.082, 16010 MiB, 23034 MiB, 95 %
2026/10/08 12:39:56.083, 16066 MiB, 23034 MiB, 86 %
2026/10/08 12:39:58.083, 16066 MiB, 23034 MiB, 95 %
2026/10/08 12:40:00.084, 16066 MiB, 23034 MiB, 95 %
2026/10/08 12:40:02.084, 16066 MiB, 23034 MiB, 95 %
2026/10/08 12:40:04.085, 16126 MiB, 23034 MiB, 95 %
2026/10/08 12:40:06.086, 16126 MiB, 23034 MiB, 95 %
2026/10/08 12:40:08.086, 16126 MiB, 23034 MiB, 96 %
2026/10/08 12:40:10.087, 16126 MiB, 23034 MiB, 95 %
2026/10/08 12:40:12.087, 16126 MiB, 23034 MiB, 95 %
2026/10/08 12:40:14.088, 16126 MiB, 23034 MiB, 46 %
2026/10/08 12:40:16.088, 16126 MiB, 23034 MiB, 95 %
2026/10/08 12:40:18.089, 16126 MiB, 23034 MiB, 96 %
2026/10/08 12:40:20.090, 16126 MiB, 23034 MiB, 95 %
2026/10/08 12:40:22.090, 16126 MiB, 23034 MiB, 95 %
2026/10/08 12:40:24.091, 16190 MiB, 23034 MiB, 95 %
2026/10/08 12:40:26.091, 16190 MiB, 23034 MiB, 95 %
2026/10/08 12:40:28.092, 16190 MiB, 23034 MiB, 95 %
2026/10/08 12:40:30.093, 16190 MiB, 23034 MiB, 83 %
2026/10/08 12:40:32.093, 16190 MiB, 23034 MiB, 95 %
2026/10/08 12:40:34.094, 16190 MiB, 23034 MiB, 95 %
2026/10/08 12:40:36.094, 16190 MiB, 23034 MiB, 95 %
2026/10/08 12:40:38.095, 16190 MiB, 23034 MiB, 95 %
2026/10/08 12:40:40.096, 16190 MiB, 23034 MiB, 95 %
2026/10/08 12:40:42.096, 16190 MiB, 23034 MiB, 50 %
2026/10/08 12:40:44.097, 16190 MiB, 23034 MiB, 95 %
2026/10/08 12:40:46.097, 16190 MiB, 23034 MiB, 49 %
2026/10/08 12:40:48.098, 16190 MiB, 23034 MiB, 95 %
2026/10/08 12:40:50.099, 16190 MiB, 23034 MiB, 96 %
2026/10/08 12:40:52.099, 16190 MiB, 23034 MiB, 95 %
2026/10/08 12:40:54.100, 16190 MiB, 23034 MiB, 82 %
2026/10/08 12:40:56.100, 16190 MiB, 23034 MiB, 71 %
2026/10/08 12:40:58.101, 16190 MiB, 23034 MiB, 95 %
2026/10/08 12:41:00.101, 16190 MiB, 23034 MiB, 95 %
2026/10/08 12:41:02.102, 16190 MiB, 23034 MiB, 53 %
2026/10/08 12:41:04.103, 16258 MiB, 23034 MiB, 95 %
2026/10/08 12:41:06.103, 16258 MiB, 23034 MiB, 95 %
2026/10/08 12:41:08.104, 16258 MiB, 23034 MiB, 79 %
2026/10/08 12:41:10.105, 16258 MiB, 23034 MiB, 81 %
2026/10/08 12:41:12.105, 16258 MiB, 23034 MiB, 95 %
2026/10/08 12:41:14.106, 16258 MiB, 23034 MiB, 96 %
2026/10/08 12:41:16.106, 16258 MiB, 23034 MiB, 95 %
2026/10/08 12:41:18.107, 16258 MiB, 23034 MiB, 92 %
2026/10/08 12:41:20.108, 16258 MiB, 23034 MiB, 96 %
2026/10/08 12:41:22.108, 16258 MiB, 23034 MiB, 94 %
2026/10/08 12:41:24.109, 16258 MiB, 23034 MiB, 22 %
2026/10/08 12:41:26.109, 16258 MiB, 23034 MiB, 96 %
2026/10/08 12:41:28.110, 16258 MiB, 23034 MiB, 94 %
2026/10/08 12:41:30.110, 16258 MiB, 23034 MiB, 86 %
2026/10/08 12:41:32.111, 16258 MiB, 23034 MiB, 5 %
2026/10/08 12:41:34.111, 16258 MiB, 23034 MiB, 96 %
2026/10/08 12:41:36.112, 16258 MiB, 23034 MiB, 30 %
2026/10/08 12:41:38.112, 16258 MiB, 23034 MiB, 95 %
2026/10/08 12:41:40.113, 16258 MiB, 23034 MiB, 96 %
2026/10/08 12:41:42.114, 16258 MiB, 23034 MiB, 95 %
2026/10/08 12:41:44.114, 16258 MiB, 23034 MiB, 95 %
2026/10/08 12:41:46.115, 16258 MiB, 23034 MiB, 95 %
2026/10/08 12:41:48.115, 16258 MiB, 23034 MiB, 84 %
2026/10/08 12:41:50.116, 16258 MiB, 23034 MiB, 92 %
2026/10/08 12:41:52.116, 16258 MiB, 23034 MiB, 94 %
2026/10/08 12:41:54.117, 16258 MiB, 23034 MiB, 94 %
2026/10/08 12:41:56.117, 16258 MiB, 23034 MiB, 95 %
2026/10/08 12:41:58.118, 16258 MiB, 23034 MiB, 84 %
2026/10/08 12:42:00.118, 16258 MiB, 23034 MiB, 83 %
2026/10/08 12:42:02.119, 16258 MiB, 23034 MiB, 94 %
2026/10/08 12:42:04.120, 16258 MiB, 23034 MiB, 80 %
2026/10/08 12:42:06.121, 16258 MiB, 23034 MiB, 95 %
2026/10/08 12:42:08.121, 16258 MiB, 23034 MiB, 82 %
2026/10/08 12:42:10.122, 16258 MiB, 23034 MiB, 94 %
2026/10/08 12:42:12.122, 16258 MiB, 23034 MiB, 94 %
2026/10/08 12:42:14.123, 16258 MiB, 23034 MiB, 95 %
2026/10/08 12:42:16.124, 16258 MiB, 23034 MiB, 96 %
2026/10/08 12:42:18.124, 16258 MiB, 23034 MiB, 96 %
2026/10/08 12:42:20.125, 16258 MiB, 23034 MiB, 82 %
2026/10/08 12:42:22.126, 16258 MiB, 23034 MiB, 96 %
2026/10/08 12:42:24.126, 16330 MiB, 23034 MiB, 95 %
2026/10/08 12:42:26.127, 16330 MiB, 23034 MiB, 90 %
2026/10/08 12:42:28.128, 16330 MiB, 23034 MiB, 47 %
2026/10/08 12:42:30.128, 16330 MiB, 23034 MiB, 96 %
2026/10/08 12:42:32.129, 16330 MiB, 23034 MiB, 95 %
2026/10/08 12:42:34.129, 16330 MiB, 23034 MiB, 96 %
2026/10/08 12:42:36.130, 16330 MiB, 23034 MiB, 95 %
2026/10/08 12:42:38.131, 16330 MiB, 23034 MiB, 96 %
2026/10/08 12:42:40.132, 16330 MiB, 23034 MiB, 64 %
2026/10/08 12:42:42.132, 16330 MiB, 23034 MiB, 94 %
2026/10/08 12:42:44.133, 16330 MiB, 23034 MiB, 96 %
2026/10/08 12:42:46.134, 16330 MiB, 23034 MiB, 84 %
2026/10/08 12:42:48.134, 16330 MiB, 23034 MiB, 96 %
2026/10/08 12:42:50.135, 16330 MiB, 23034 MiB, 96 %
2026/10/08 12:42:52.135, 16330 MiB, 23034 MiB, 95 %
2026/10/08 12:42:54.136, 16330 MiB, 23034 MiB, 87 %
2026/10/08 12:42:56.137, 16330 MiB, 23034 MiB, 95 %
2026/10/08 12:42:58.137, 16330 MiB, 23034 MiB, 94 %
2026/10/08 12:43:00.138, 16330 MiB, 23034 MiB, 95 %
2026/10/08 12:43:02.139, 16330 MiB, 23034 MiB, 64 %
2026/10/08 12:43:04.139, 16330 MiB, 23034 MiB, 83 %
2026/10/08 12:43:06.140, 16330 MiB, 23034 MiB, 94 %
2026/10/08 12:43:08.140, 16330 MiB, 23034 MiB, 45 %
2026/10/08 12:43:10.141, 16330 MiB, 23034 MiB, 20 %
2026/10/08 12:43:12.142, 16330 MiB, 23034 MiB, 83 %
2026/10/08 12:43:14.142, 16330 MiB, 23034 MiB, 95 %
2026/10/08 12:43:16.143, 16330 MiB, 23034 MiB, 95 %
2026/10/08 12:43:18.144, 16330 MiB, 23034 MiB, 95 %
2026/10/08 12:43:20.144, 16330 MiB, 23034 MiB, 95 %
2026/10/08 12:43:22.145, 16330 MiB, 23034 MiB, 95 %
2026/10/08 12:43:24.145, 16330 MiB, 23034 MiB, 95 %
2026/10/08 12:43:26.146, 16330 MiB, 23034 MiB, 95 %
2026/10/08 12:43:28.147, 16330 MiB, 23034 MiB, 95 %
2026/10/08 12:43:30.147, 16330 MiB, 23034 MiB, 95 %
2026/10/08 12:43:32.148, 16330 MiB, 23034 MiB, 52 %
2026/10/08 12:43:34.149, 16330 MiB, 23034 MiB, 94 %
2026/10/08 12:43:36.149, 16330 MiB, 23034 MiB, 20 %
2026/10/08 12:43:38.150, 16330 MiB, 23034 MiB, 95 %
2026/10/08 12:43:40.150, 16330 MiB, 23034 MiB, 95 %
2026/10/08 12:43:42.151, 16330 MiB, 23034 MiB, 32 %
2026/10/08 12:43:44.152, 16330 MiB, 23034 MiB, 96 %
2026/10/08 12:43:46.152, 16330 MiB, 23034 MiB, 96 %
2026/10/08 12:43:48.153, 16330 MiB, 23034 MiB, 43 %
2026/10/08 12:43:50.153, 16330 MiB, 23034 MiB, 52 %
2026/10/08 12:43:52.154, 16330 MiB, 23034 MiB, 94 %
2026/10/08 12:43:54.154, 16330 MiB, 23034 MiB, 95 %
2026/10/08 12:43:56.155, 16330 MiB, 23034 MiB, 94 %
2026/10/08 12:43:58.156, 16330 MiB, 23034 MiB, 96 %
2026/10/08 12:44:00.156, 16330 MiB, 23034 MiB, 96 %
2026/10/08 12:44:02.157, 16330 MiB, 23034 MiB, 95 %
2026/10/08 12:44:04.158, 16330 MiB, 23034 MiB, 95 %
2026/10/08 12:44:06.158, 16330 MiB, 23034 MiB, 95 %
2026/10/08 12:44:08.159, 16330 MiB, 23034 MiB, 96 %
2026/10/08 12:44:10.159, 16330 MiB, 23034 MiB, 81 %
2026/10/08 12:44:12.160, 16330 MiB, 23034 MiB, 44 %
2026/10/08 12:44:14.161, 16330 MiB, 23034 MiB, 31 %
2026/10/08 12:44:16.161, 16330 MiB, 23034 MiB, 85 %
2026/10/08 12:44:18.162, 16330 MiB, 23034 MiB, 96 %
2026/10/08 12:44:20.163, 16330 MiB, 23034 MiB, 94 %
2026/10/08 12:44:22.163, 16330 MiB, 23034 MiB, 72 %
2026/10/08 12:44:24.164, 16330 MiB, 23034 MiB, 83 %
2026/10/08 12:44:26.165, 16330 MiB, 23034 MiB, 95 %
2026/10/08 12:44:28.165, 16330 MiB, 23034 MiB, 86 %
2026/10/08 12:44:30.166, 16330 MiB, 23034 MiB, 94 %
2026/10/08 12:44:32.166, 16330 MiB, 23034 MiB, 94 %
2026/10/08 12:44:34.167, 16330 MiB, 23034 MiB, 95 %
2026/10/08 12:44:36.168, 16330 MiB, 23034 MiB, 93 %
2026/10/08 12:44:38.170, 16330 MiB, 23034 MiB, 94 %
2026/10/08 12:44:40.171, 16330 MiB, 23034 MiB, 94 %
2026/10/08 12:44:42.172, 16330 MiB, 23034 MiB, 41 %
2026/10/08 12:44:44.172, 16330 MiB, 23034 MiB, 94 %
2026/10/08 12:44:46.173, 16330 MiB, 23034 MiB, 94 %
2026/10/08 12:44:48.173, 16330 MiB, 23034 MiB, 67 %
2026/10/08 12:44:50.174, 16330 MiB, 23034 MiB, 96 %
2026/10/08 12:44:52.174, 16330 MiB, 23034 MiB, 95 %
2026/10/08 12:44:54.175, 16330 MiB, 23034 MiB, 94 %
2026/10/08 12:44:56.176, 16330 MiB, 23034 MiB, 96 %
2026/10/08 12:44:58.176, 16330 MiB, 23034 MiB, 94 %
2026/10/08 12:45:00.177, 16330 MiB, 23034 MiB, 95 %
2026/10/08 12:45:02.177, 16330 MiB, 23034 MiB, 26 %
2026/10/08 12:45:04.178, 16330 MiB, 23034 MiB, 95 %
2026/10/08 12:45:06.179, 16330 MiB, 23034 MiB, 96 %
2026/10/08 12:45:08.179, 16330 MiB, 23034 MiB, 44 %
2026/10/08 12:45:10.180, 16330 MiB, 23034 MiB, 95 %
2026/10/08 12:45:12.180, 16330 MiB, 23034 MiB, 95 %
2026/10/08 12:45:14.181, 16330 MiB, 23034 MiB, 63 %
2026/10/08 12:45:16.181, 16330 MiB, 23034 MiB, 96 %
2026/10/08 12:45:18.182, 16330 MiB, 23034 MiB, 58 %
2026/10/08 12:45:20.183, 16330 MiB, 23034 MiB, 31 %
2026/10/08 12:45:22.183, 16330 MiB, 23034 MiB, 95 %
2026/10/08 12:45:24.184, 16330 MiB, 23034 MiB, 95 %
2026/10/08 12:45:26.184, 16330 MiB, 23034 MiB, 95 %
2026/10/08 12:45:28.185, 16330 MiB, 23034 MiB, 95 %
2026/10/08 12:45:30.185, 16330 MiB, 23034 MiB, 95 %
2026/10/08 12:45:32.186, 16330 MiB, 23034 MiB, 92 %
2026/10/08 12:45:34.186, 16330 MiB, 23034 MiB, 95 %
2026/10/08 12:45:36.187, 16330 MiB, 23034 MiB, 82 %
2026/10/08 12:45:38.188, 16330 MiB, 23034 MiB, 95 %
2026/10/08 12:45:40.188, 16330 MiB, 23034 MiB, 95 %
2026/10/08 12:45:42.189, 16330 MiB, 23034 MiB, 95 %
2026/10/08 12:45:44.189, 16330 MiB, 23034 MiB, 95 %
2026/10/08 12:45:46.190, 16330 MiB, 23034 MiB, 95 %
2026/10/08 12:45:48.191, 16330 MiB, 23034 MiB, 76 %
2026/10/08 12:45:50.191, 16330 MiB, 23034 MiB, 81 %
2026/10/08 12:45:52.192, 16330 MiB, 23034 MiB, 95 %
2026/10/08 12:45:54.192, 16330 MiB, 23034 MiB, 40 %
2026/10/08 12:45:56.193, 16330 MiB, 23034 MiB, 32 %
2026/10/08 12:45:58.194, 16330 MiB, 23034 MiB, 95 %
2026/10/08 12:46:00.194, 16330 MiB, 23034 MiB, 95 %
2026/10/08 12:46:02.195, 16330 MiB, 23034 MiB, 97 %
2026/10/08 12:46:04.195, 16330 MiB, 23034 MiB, 50 %
2026/10/08 12:46:06.196, 16330 MiB, 23034 MiB, 83 %
2026/10/08 12:46:08.196, 16330 MiB, 23034 MiB, 94 %
2026/10/08 12:46:10.197, 16330 MiB, 23034 MiB, 55 %
2026/10/08 12:46:12.198, 16330 MiB, 23034 MiB, 95 %
2026/10/08 12:46:14.198, 16330 MiB, 23034 MiB, 94 %
2026/10/08 12:46:16.199, 16330 MiB, 23034 MiB, 94 %
2026/10/08 12:46:18.199, 16330 MiB, 23034 MiB, 79 %
2026/10/08 12:46:20.200, 16330 MiB, 23034 MiB, 94 %
2026/10/08 12:46:22.200, 16330 MiB, 23034 MiB, 94 %
2026/10/08 12:46:24.201, 16330 MiB, 23034 MiB, 24 %
2026/10/08 12:46:26.201, 16330 MiB, 23034 MiB, 95 %
2026/10/08 12:46:28.202, 16330 MiB, 23034 MiB, 95 %
2026/10/08 12:46:30.203, 16330 MiB, 23034 MiB, 46 %
2026/10/08 12:46:32.203, 16330 MiB, 23034 MiB, 89 %
2026/10/08 12:46:34.204, 16330 MiB, 23034 MiB, 48 %
2026/10/08 12:46:36.204, 16330 MiB, 23034 MiB, 27 %
2026/10/08 12:46:38.205, 16330 MiB, 23034 MiB, 17 %
2026/10/08 12:46:40.206, 16330 MiB, 23034 MiB, 95 %
2026/10/08 12:46:42.206, 16330 MiB, 23034 MiB, 58 %
2026/10/08 12:46:44.207, 16330 MiB, 23034 MiB, 18 %
2026/10/08 12:46:46.207, 16330 MiB, 23034 MiB, 95 %
2026/10/08 12:46:48.208, 16330 MiB, 23034 MiB, 19 %
2026/10/08 12:46:50.208, 16330 MiB, 23034 MiB, 95 %
2026/10/08 12:46:52.209, 16330 MiB, 23034 MiB, 95 %
2026/10/08 12:46:54.210, 16330 MiB, 23034 MiB, 95 %
2026/10/08 12:46:56.210, 16330 MiB, 23034 MiB, 43 %
2026/10/08 12:46:58.211, 16330 MiB, 23034 MiB, 95 %
2026/10/08 12:47:00.211, 16330 MiB, 23034 MiB, 95 %
2026/10/08 12:47:02.212, 16330 MiB, 23034 MiB, 44 %
2026/10/08 12:47:04.213, 16330 MiB, 23034 MiB, 94 %
2026/10/08 12:47:06.213, 16330 MiB, 23034 MiB, 94 %
2026/10/08 12:47:08.214, 16330 MiB, 23034 MiB, 94 %
2026/10/08 12:47:10.214, 16330 MiB, 23034 MiB, 95 %
2026/10/08 12:47:12.215, 16330 MiB, 23034 MiB, 95 %
2026/10/08 12:47:14.215, 16330 MiB, 23034 MiB, 62 %
2026/10/08 12:47:16.216, 16330 MiB, 23034 MiB, 40 %
2026/10/08 12:47:18.216, 16330 MiB, 23034 MiB, 95 %
2026/10/08 12:47:20.217, 16330 MiB, 23034 MiB, 94 %
2026/10/08 12:47:22.217, 16330 MiB, 23034 MiB, 95 %
2026/10/08 12:47:24.218, 16330 MiB, 23034 MiB, 95 %
2026/10/08 12:47:26.219, 16330 MiB, 23034 MiB, 94 %
2026/10/08 12:47:28.219, 16330 MiB, 23034 MiB, 66 %
2026/10/08 12:47:30.220, 16330 MiB, 23034 MiB, 0 %
2026/10/08 12:47:32.220, 16330 MiB, 23034 MiB, 0 %
2026/10/08 12:47:34.221, 16330 MiB, 23034 MiB, 0 %
2026/10/08 12:47:36.222, 13347 MiB, 23034 MiB, 0 %
2026/10/08 12:47:38.222, 13347 MiB, 23034 MiB, 0 %
2026/10/08 12:47:40.223, 13347 MiB, 23034 MiB, 0 %
2026/10/08 12:47:42.224, 13347 MiB, 23034 MiB, 0 %
2026/10/08 12:47:44.225, 13538 MiB, 23034 MiB, 0 %
2026/10/08 12:47:46.225, 14698 MiB, 23034 MiB, 0 %
2026/10/08 12:47:48.226, 14698 MiB, 23034 MiB, 0 %
2026/10/08 12:47:50.226, 14698 MiB, 23034 MiB, 0 %
2026/10/08 12:47:52.227, 14698 MiB, 23034 MiB, 0 %
2026/10/08 12:47:54.227, 14698 MiB, 23034 MiB, 0 %
2026/10/08 12:47:56.228, 15686 MiB, 23034 MiB, 23 %
2026/10/08 12:47:58.229, 15960 MiB, 23034 MiB, 66 %
2026/10/08 12:48:00.229, 15960 MiB, 23034 MiB, 31 %
2026/10/08 12:48:02.230, 16022 MiB, 23034 MiB, 24 %
2026/10/08 12:48:04.231, 16086 MiB, 23034 MiB, 65 %
2026/10/08 12:48:06.232, 16086 MiB, 23034 MiB, 78 %
2026/10/08 12:48:08.232, 16088 MiB, 23034 MiB, 39 %
2026/10/08 12:48:10.233, 16088 MiB, 23034 MiB, 94 %
2026/10/08 12:48:12.233, 16088 MiB, 23034 MiB, 29 %
2026/10/08 12:48:14.234, 16088 MiB, 23034 MiB, 94 %
2026/10/08 12:48:16.235, 16088 MiB, 23034 MiB, 95 %
2026/10/08 12:48:18.235, 16088 MiB, 23034 MiB, 45 %
2026/10/08 12:48:20.236, 16088 MiB, 23034 MiB, 95 %
2026/10/08 12:48:22.237, 16088 MiB, 23034 MiB, 43 %
2026/10/08 12:48:24.237, 16088 MiB, 23034 MiB, 96 %
2026/10/08 12:48:26.238, 16088 MiB, 23034 MiB, 94 %
2026/10/08 12:48:28.238, 16090 MiB, 23034 MiB, 96 %
2026/10/08 12:48:30.239, 16090 MiB, 23034 MiB, 95 %
2026/10/08 12:48:32.239, 16090 MiB, 23034 MiB, 94 %
2026/10/08 12:48:34.240, 16090 MiB, 23034 MiB, 95 %
2026/10/08 12:48:36.241, 16090 MiB, 23034 MiB, 44 %
2026/10/08 12:48:38.241, 16090 MiB, 23034 MiB, 96 %
2026/10/08 12:48:40.242, 16090 MiB, 23034 MiB, 96 %
2026/10/08 12:48:42.243, 16090 MiB, 23034 MiB, 69 %
2026/10/08 12:48:44.244, 16090 MiB, 23034 MiB, 94 %
2026/10/08 12:48:46.245, 16090 MiB, 23034 MiB, 96 %
2026/10/08 12:48:48.245, 16090 MiB, 23034 MiB, 96 %
2026/10/08 12:48:50.246, 16090 MiB, 23034 MiB, 95 %
2026/10/08 12:48:52.246, 16090 MiB, 23034 MiB, 96 %
2026/10/08 12:48:54.247, 16090 MiB, 23034 MiB, 59 %
2026/10/08 12:48:56.248, 16090 MiB, 23034 MiB, 96 %
2026/10/08 12:48:58.248, 16090 MiB, 23034 MiB, 94 %
2026/10/08 12:49:00.249, 16090 MiB, 23034 MiB, 52 %
2026/10/08 12:49:02.250, 16090 MiB, 23034 MiB, 96 %
2026/10/08 12:49:04.250, 16090 MiB, 23034 MiB, 96 %
2026/10/08 12:49:06.251, 16090 MiB, 23034 MiB, 45 %
2026/10/08 12:49:08.252, 16090 MiB, 23034 MiB, 94 %
2026/10/08 12:49:10.252, 16090 MiB, 23034 MiB, 96 %
2026/10/08 12:49:12.253, 16090 MiB, 23034 MiB, 96 %
2026/10/08 12:49:14.253, 16090 MiB, 23034 MiB, 96 %
2026/10/08 12:49:16.254, 16090 MiB, 23034 MiB, 96 %
2026/10/08 12:49:18.255, 16090 MiB, 23034 MiB, 94 %
2026/10/08 12:49:20.255, 16090 MiB, 23034 MiB, 85 %
2026/10/08 12:49:22.256, 16090 MiB, 23034 MiB, 69 %
2026/10/08 12:49:24.256, 16090 MiB, 23034 MiB, 96 %
2026/10/08 12:49:26.257, 16090 MiB, 23034 MiB, 32 %
2026/10/08 12:49:28.258, 16090 MiB, 23034 MiB, 94 %
2026/10/08 12:49:30.258, 16090 MiB, 23034 MiB, 43 %
2026/10/08 12:49:32.259, 16090 MiB, 23034 MiB, 96 %
2026/10/08 12:49:34.259, 16090 MiB, 23034 MiB, 26 %
2026/10/08 12:49:36.260, 16090 MiB, 23034 MiB, 71 %
2026/10/08 12:49:38.260, 16090 MiB, 23034 MiB, 96 %
2026/10/08 12:49:40.261, 16090 MiB, 23034 MiB, 94 %
2026/10/08 12:49:42.262, 16090 MiB, 23034 MiB, 96 %
2026/10/08 12:49:44.262, 16090 MiB, 23034 MiB, 96 %
2026/10/08 12:49:46.263, 16090 MiB, 23034 MiB, 54 %
2026/10/08 12:49:48.263, 16090 MiB, 23034 MiB, 96 %
2026/10/08 12:49:50.264, 16090 MiB, 23034 MiB, 96 %
2026/10/08 12:49:52.265, 16090 MiB, 23034 MiB, 44 %
2026/10/08 12:49:54.265, 16090 MiB, 23034 MiB, 95 %
2026/10/08 12:49:56.266, 16090 MiB, 23034 MiB, 95 %
2026/10/08 12:49:58.266, 16090 MiB, 23034 MiB, 95 %
2026/10/08 12:50:00.267, 16090 MiB, 23034 MiB, 87 %
2026/10/08 12:50:02.268, 16090 MiB, 23034 MiB, 33 %
2026/10/08 12:50:04.268, 16090 MiB, 23034 MiB, 95 %
2026/10/08 12:50:06.269, 16090 MiB, 23034 MiB, 95 %
2026/10/08 12:50:08.269, 16090 MiB, 23034 MiB, 95 %
2026/10/08 12:50:10.270, 16090 MiB, 23034 MiB, 95 %
2026/10/08 12:50:12.271, 16090 MiB, 23034 MiB, 0 %
2026/10/08 12:50:14.271, 13347 MiB, 23034 MiB, 0 %
2026/10/08 12:50:16.272, 13347 MiB, 23034 MiB, 0 %
2026/10/08 12:50:18.272, 13347 MiB, 23034 MiB, 0 %
2026/10/08 12:50:20.273, 13347 MiB, 23034 MiB, 0 %
2026/10/08 12:50:22.274, 13347 MiB, 23034 MiB, 0 %
2026/10/08 12:50:24.276, 14698 MiB, 23034 MiB, 0 %
2026/10/08 12:50:26.276, 15826 MiB, 23034 MiB, 0 %
2026/10/08 12:50:28.277, 15960 MiB, 23034 MiB, 92 %
2026/10/08 12:50:30.278, 16020 MiB, 23034 MiB, 48 %
2026/10/08 12:50:32.278, 16086 MiB, 23034 MiB, 24 %
2026/10/08 12:50:34.279, 16088 MiB, 23034 MiB, 33 %
2026/10/08 12:50:36.279, 16088 MiB, 23034 MiB, 73 %
2026/10/08 12:50:38.280, 16088 MiB, 23034 MiB, 19 %
2026/10/08 12:50:40.281, 16088 MiB, 23034 MiB, 95 %
2026/10/08 12:50:42.281, 16088 MiB, 23034 MiB, 95 %
2026/10/08 12:50:44.282, 16088 MiB, 23034 MiB, 95 %
2026/10/08 12:50:46.282, 16088 MiB, 23034 MiB, 95 %
2026/10/08 12:50:48.283, 16088 MiB, 23034 MiB, 95 %
2026/10/08 12:50:50.284, 16088 MiB, 23034 MiB, 95 %
2026/10/08 12:50:52.284, 16088 MiB, 23034 MiB, 74 %
2026/10/08 12:50:54.285, 16088 MiB, 23034 MiB, 95 %
2026/10/08 12:50:56.285, 16090 MiB, 23034 MiB, 95 %
2026/10/08 12:50:58.286, 16090 MiB, 23034 MiB, 82 %
2026/10/08 12:51:00.286, 16090 MiB, 23034 MiB, 75 %
2026/10/08 12:51:02.287, 16090 MiB, 23034 MiB, 95 %
2026/10/08 12:51:04.287, 16090 MiB, 23034 MiB, 95 %
2026/10/08 12:51:06.288, 16090 MiB, 23034 MiB, 96 %
2026/10/08 12:51:08.289, 16090 MiB, 23034 MiB, 95 %
2026/10/08 12:51:10.289, 16090 MiB, 23034 MiB, 95 %
2026/10/08 12:51:12.290, 16090 MiB, 23034 MiB, 95 %
2026/10/08 12:51:14.291, 16090 MiB, 23034 MiB, 46 %
2026/10/08 12:51:16.291, 16090 MiB, 23034 MiB, 82 %
2026/10/08 12:51:18.292, 16090 MiB, 23034 MiB, 95 %
2026/10/08 12:51:20.292, 16090 MiB, 23034 MiB, 96 %
2026/10/08 12:51:22.293, 16090 MiB, 23034 MiB, 95 %
2026/10/08 12:51:24.294, 16090 MiB, 23034 MiB, 96 %
2026/10/08 12:51:26.294, 16090 MiB, 23034 MiB, 95 %
2026/10/08 12:51:28.295, 16090 MiB, 23034 MiB, 95 %
2026/10/08 12:51:30.295, 16090 MiB, 23034 MiB, 95 %
2026/10/08 12:51:32.296, 16090 MiB, 23034 MiB, 47 %
2026/10/08 12:51:34.296, 16090 MiB, 23034 MiB, 95 %
2026/10/08 12:51:36.297, 16090 MiB, 23034 MiB, 95 %
2026/10/08 12:51:38.297, 16090 MiB, 23034 MiB, 80 %
2026/10/08 12:51:40.298, 16090 MiB, 23034 MiB, 95 %
2026/10/08 12:51:42.298, 16090 MiB, 23034 MiB, 95 %
2026/10/08 12:51:44.299, 16090 MiB, 23034 MiB, 95 %
2026/10/08 12:51:46.300, 16090 MiB, 23034 MiB, 58 %
2026/10/08 12:51:48.301, 16090 MiB, 23034 MiB, 95 %
2026/10/08 12:51:50.302, 16090 MiB, 23034 MiB, 16 %
2026/10/08 12:51:52.303, 16090 MiB, 23034 MiB, 70 %
2026/10/08 12:51:54.303, 16090 MiB, 23034 MiB, 43 %
2026/10/08 12:51:56.304, 16090 MiB, 23034 MiB, 95 %
2026/10/08 12:51:58.304, 16090 MiB, 23034 MiB, 24 %
2026/10/08 12:52:00.305, 16090 MiB, 23034 MiB, 95 %
2026/10/08 12:52:02.306, 16090 MiB, 23034 MiB, 16 %
2026/10/08 12:52:04.306, 16090 MiB, 23034 MiB, 82 %
2026/10/08 12:52:06.307, 16090 MiB, 23034 MiB, 95 %
2026/10/08 12:52:08.308, 16090 MiB, 23034 MiB, 95 %
2026/10/08 12:52:10.308, 16090 MiB, 23034 MiB, 95 %
2026/10/08 12:52:12.309, 16090 MiB, 23034 MiB, 95 %
2026/10/08 12:52:14.309, 16090 MiB, 23034 MiB, 82 %
2026/10/08 12:52:16.310, 16090 MiB, 23034 MiB, 96 %
2026/10/08 12:52:18.311, 16090 MiB, 23034 MiB, 95 %
2026/10/08 12:52:20.311, 16090 MiB, 23034 MiB, 49 %
2026/10/08 12:52:22.312, 16090 MiB, 23034 MiB, 95 %
2026/10/08 12:52:24.312, 16090 MiB, 23034 MiB, 64 %
2026/10/08 12:52:26.313, 16090 MiB, 23034 MiB, 57 %
2026/10/08 12:52:28.314, 16090 MiB, 23034 MiB, 96 %
2026/10/08 12:52:30.314, 16090 MiB, 23034 MiB, 96 %
2026/10/08 12:52:32.315, 16090 MiB, 23034 MiB, 56 %
2026/10/08 12:52:34.315, 16090 MiB, 23034 MiB, 96 %
2026/10/08 12:52:36.316, 16090 MiB, 23034 MiB, 96 %
2026/10/08 12:52:38.316, 16090 MiB, 23034 MiB, 88 %
2026/10/08 12:52:40.317, 16090 MiB, 23034 MiB, 52 %
2026/10/08 12:52:42.318, 16090 MiB, 23034 MiB, 95 %
2026/10/08 12:52:44.318, 16090 MiB, 23034 MiB, 72 %
2026/10/08 12:52:46.319, 16090 MiB, 23034 MiB, 39 %
2026/10/08 12:52:48.320, 16090 MiB, 23034 MiB, 95 %
2026/10/08 12:52:50.321, 16090 MiB, 23034 MiB, 95 %
2026/10/08 12:52:52.321, 16090 MiB, 23034 MiB, 95 %
2026/10/08 12:52:54.322, 16090 MiB, 23034 MiB, 95 %
2026/10/08 12:52:56.323, 16090 MiB, 23034 MiB, 94 %
2026/10/08 12:52:58.323, 16090 MiB, 23034 MiB, 47 %
2026/10/08 12:53:00.324, 16090 MiB, 23034 MiB, 96 %
2026/10/08 12:53:02.324, 16090 MiB, 23034 MiB, 95 %
2026/10/08 12:53:04.325, 16090 MiB, 23034 MiB, 58 %
2026/10/08 12:53:06.325, 16090 MiB, 23034 MiB, 95 %
2026/10/08 12:53:08.326, 16090 MiB, 23034 MiB, 54 %
2026/10/08 12:53:10.326, 16090 MiB, 23034 MiB, 91 %
2026/10/08 12:53:12.327, 16090 MiB, 23034 MiB, 95 %
2026/10/08 12:53:14.327, 16090 MiB, 23034 MiB, 95 %
2026/10/08 12:53:16.328, 16090 MiB, 23034 MiB, 96 %
2026/10/08 12:53:18.329, 16090 MiB, 23034 MiB, 95 %
2026/10/08 12:53:20.329, 16090 MiB, 23034 MiB, 95 %
2026/10/08 12:53:22.330, 16090 MiB, 23034 MiB, 95 %
2026/10/08 12:53:24.330, 16090 MiB, 23034 MiB, 94 %
2026/10/08 12:53:26.331, 16090 MiB, 23034 MiB, 95 %
2026/10/08 12:53:28.331, 16090 MiB, 23034 MiB, 95 %
2026/10/08 12:53:30.332, 16090 MiB, 23034 MiB, 93 %
2026/10/08 12:53:32.333, 16090 MiB, 23034 MiB, 30 %
2026/10/08 12:53:34.333, 16090 MiB, 23034 MiB, 94 %
2026/10/08 12:53:36.334, 16090 MiB, 23034 MiB, 96 %
2026/10/08 12:53:38.335, 16090 MiB, 23034 MiB, 58 %
2026/10/08 12:53:40.335, 16090 MiB, 23034 MiB, 95 %
2026/10/08 12:53:42.336, 16090 MiB, 23034 MiB, 95 %
2026/10/08 12:53:44.336, 16090 MiB, 23034 MiB, 95 %
2026/10/08 12:53:46.337, 16090 MiB, 23034 MiB, 96 %
2026/10/08 12:53:48.338, 16090 MiB, 23034 MiB, 96 %
2026/10/08 12:53:50.338, 16090 MiB, 23034 MiB, 95 %
2026/10/08 12:53:52.339, 16090 MiB, 23034 MiB, 94 %
2026/10/08 12:53:54.340, 16090 MiB, 23034 MiB, 92 %
2026/10/08 12:53:56.340, 16090 MiB, 23034 MiB, 94 %
2026/10/08 12:53:58.341, 16090 MiB, 23034 MiB, 72 %
2026/10/08 12:54:00.342, 16090 MiB, 23034 MiB, 96 %
2026/10/08 12:54:02.342, 16090 MiB, 23034 MiB, 22 %
2026/10/08 12:54:04.344, 16090 MiB, 23034 MiB, 96 %
2026/10/08 12:54:06.344, 16090 MiB, 23034 MiB, 94 %
2026/10/08 12:54:08.345, 16090 MiB, 23034 MiB, 46 %
2026/10/08 12:54:10.345, 16090 MiB, 23034 MiB, 95 %
2026/10/08 12:54:12.346, 16090 MiB, 23034 MiB, 96 %
2026/10/08 12:54:14.346, 16090 MiB, 23034 MiB, 94 %
2026/10/08 12:54:16.347, 16090 MiB, 23034 MiB, 95 %
2026/10/08 12:54:18.348, 16090 MiB, 23034 MiB, 96 %
2026/10/08 12:54:20.348, 16090 MiB, 23034 MiB, 84 %
2026/10/08 12:54:22.349, 16090 MiB, 23034 MiB, 83 %
2026/10/08 12:54:24.349, 16090 MiB, 23034 MiB, 83 %
2026/10/08 12:54:26.350, 16090 MiB, 23034 MiB, 95 %
2026/10/08 12:54:28.350, 16090 MiB, 23034 MiB, 95 %
2026/10/08 12:54:30.351, 16090 MiB, 23034 MiB, 30 %
2026/10/08 12:54:32.352, 16090 MiB, 23034 MiB, 25 %
2026/10/08 12:54:34.352, 16090 MiB, 23034 MiB, 95 %
2026/10/08 12:54:36.353, 16090 MiB, 23034 MiB, 95 %
2026/10/08 12:54:38.353, 16090 MiB, 23034 MiB, 95 %
2026/10/08 12:54:40.354, 16090 MiB, 23034 MiB, 95 %
2026/10/08 12:54:42.355, 16090 MiB, 23034 MiB, 95 %
2026/10/08 12:54:44.355, 16090 MiB, 23034 MiB, 95 %
2026/10/08 12:54:46.356, 16090 MiB, 23034 MiB, 95 %
2026/10/08 12:54:48.356, 16090 MiB, 23034 MiB, 95 %
2026/10/08 12:54:50.357, 16158 MiB, 23034 MiB, 63 %
2026/10/08 12:54:52.357, 16158 MiB, 23034 MiB, 95 %
2026/10/08 12:54:54.358, 16158 MiB, 23034 MiB, 95 %
2026/10/08 12:54:56.359, 16158 MiB, 23034 MiB, 94 %
2026/10/08 12:54:58.359, 16158 MiB, 23034 MiB, 24 %
2026/10/08 12:55:00.360, 16158 MiB, 23034 MiB, 95 %
2026/10/08 12:55:02.360, 16158 MiB, 23034 MiB, 95 %
2026/10/08 12:55:04.361, 16158 MiB, 23034 MiB, 95 %
2026/10/08 12:55:06.361, 16158 MiB, 23034 MiB, 95 %
2026/10/08 12:55:08.362, 16158 MiB, 23034 MiB, 95 %
2026/10/08 12:55:10.362, 16158 MiB, 23034 MiB, 93 %
2026/10/08 12:55:12.363, 16158 MiB, 23034 MiB, 95 %
2026/10/08 12:55:14.364, 16158 MiB, 23034 MiB, 95 %
2026/10/08 12:55:16.364, 16158 MiB, 23034 MiB, 95 %
2026/10/08 12:55:18.365, 16158 MiB, 23034 MiB, 95 %
2026/10/08 12:55:20.365, 16158 MiB, 23034 MiB, 95 %
2026/10/08 12:55:22.366, 16158 MiB, 23034 MiB, 79 %
2026/10/08 12:55:24.367, 16158 MiB, 23034 MiB, 96 %
2026/10/08 12:55:26.367, 16158 MiB, 23034 MiB, 90 %
2026/10/08 12:55:28.368, 16158 MiB, 23034 MiB, 89 %
2026/10/08 12:55:30.368, 16158 MiB, 23034 MiB, 95 %
2026/10/08 12:55:32.369, 16158 MiB, 23034 MiB, 95 %
2026/10/08 12:55:34.370, 16158 MiB, 23034 MiB, 95 %
2026/10/08 12:55:36.371, 16158 MiB, 23034 MiB, 23 %
2026/10/08 12:55:38.371, 16158 MiB, 23034 MiB, 95 %
2026/10/08 12:55:40.372, 16158 MiB, 23034 MiB, 95 %
2026/10/08 12:55:42.373, 16158 MiB, 23034 MiB, 37 %
2026/10/08 12:55:44.373, 16158 MiB, 23034 MiB, 95 %
2026/10/08 12:55:46.374, 16158 MiB, 23034 MiB, 81 %
2026/10/08 12:55:48.374, 16158 MiB, 23034 MiB, 95 %
2026/10/08 12:55:50.375, 16158 MiB, 23034 MiB, 95 %
2026/10/08 12:55:52.376, 16158 MiB, 23034 MiB, 95 %
2026/10/08 12:55:54.377, 16158 MiB, 23034 MiB, 83 %
2026/10/08 12:55:56.378, 16158 MiB, 23034 MiB, 95 %
2026/10/08 12:55:58.378, 16158 MiB, 23034 MiB, 93 %
2026/10/08 12:56:00.379, 16158 MiB, 23034 MiB, 0 %
2026/10/08 12:56:02.379, 13347 MiB, 23034 MiB, 0 %
2026/10/08 12:56:04.380, 13347 MiB, 23034 MiB, 0 %
2026/10/08 12:56:06.381, 0 MiB, 23034 MiB, 0 %
2026/10/08 12:56:08.381, 0 MiB, 23034 MiB, 0 %
2026/10/08 12:56:10.382, 0 MiB, 23034 MiB, 0 %
2026/10/08 12:56:12.383, 0 MiB, 23034 MiB, 0 %
2026/10/08 12:56:14.383, 0 MiB, 23034 MiB, 0 %
2026/10/08 12:56:16.384, 0 MiB, 23034 MiB, 0 %
2026/10/08 12:56:18.384, 0 MiB, 23034 MiB, 0 %
2026/10/08 12:56:20.385, 0 MiB, 23034 MiB, 0 %
2026/10/08 12:56:22.386, 0 MiB, 23034 MiB, 0 %
2026/10/08 12:56:24.386, 0 MiB, 23034 MiB, 0 %
2026/10/08 12:56:26.387, 0 MiB, 23034 MiB, 0 %
2026/10/08 12:56:28.388, 0 MiB, 23034 MiB, 0 %
2026/10/08 12:56:30.388, 0 MiB, 23034 MiB, 0 %
2026/10/08 12:56:32.389, 0 MiB, 23034 MiB, 0 %
2026/10/08 12:56:34.390, 0 MiB, 23034 MiB, 0 %
2026/10/08 12:56:36.390, 0 MiB, 23034 MiB, 0 %
2026/10/08 12:56:38.391, 5555 MiB, 23034 MiB, 0 %
2026/10/08 12:56:40.391, 9279 MiB, 23034 MiB, 0 %
2026/10/08 12:56:42.392, 9279 MiB, 23034 MiB, 0 %
2026/10/08 12:56:44.392, 9279 MiB, 23034 MiB, 0 %
2026/10/08 12:56:46.393, 9279 MiB, 23034 MiB, 0 %
2026/10/08 12:56:48.393, 9279 MiB, 23034 MiB, 0 %
2026/10/08 12:56:50.394, 9279 MiB, 23034 MiB, 0 %
2026/10/08 12:56:52.394, 9279 MiB, 23034 MiB, 0 %
2026/10/08 12:56:54.395, 9279 MiB, 23034 MiB, 0 %
2026/10/08 12:56:56.395, 9279 MiB, 23034 MiB, 0 %
2026/10/08 12:56:58.396, 9279 MiB, 23034 MiB, 0 %
2026/10/08 12:57:00.397, 9279 MiB, 23034 MiB, 0 %
2026/10/08 12:57:02.397, 9279 MiB, 23034 MiB, 0 %
2026/10/08 12:57:04.398, 9279 MiB, 23034 MiB, 0 %
2026/10/08 12:57:06.398, 9279 MiB, 23034 MiB, 0 %
2026/10/08 12:57:08.399, 9279 MiB, 23034 MiB, 0 %
2026/10/08 12:57:10.400, 9279 MiB, 23034 MiB, 0 %
2026/10/08 12:57:12.400, 9279 MiB, 23034 MiB, 0 %
2026/10/08 12:57:14.401, 9279 MiB, 23034 MiB, 0 %
2026/10/08 12:57:16.402, 9279 MiB, 23034 MiB, 0 %
2026/10/08 12:57:18.402, 9279 MiB, 23034 MiB, 5 %
2026/10/08 12:57:20.403, 9279 MiB, 23034 MiB, 0 %
2026/10/08 12:57:22.404, 9279 MiB, 23034 MiB, 0 %
2026/10/08 12:57:24.404, 9279 MiB, 23034 MiB, 0 %
2026/10/08 12:57:26.405, 9279 MiB, 23034 MiB, 0 %
2026/10/08 12:57:28.405, 9279 MiB, 23034 MiB, 6 %
2026/10/08 12:57:30.406, 9279 MiB, 23034 MiB, 0 %
2026/10/08 12:57:32.407, 9279 MiB, 23034 MiB, 0 %
2026/10/08 12:57:34.407, 9279 MiB, 23034 MiB, 0 %
2026/10/08 12:57:36.408, 9279 MiB, 23034 MiB, 0 %
2026/10/08 12:57:38.409, 9279 MiB, 23034 MiB, 1 %
2026/10/08 12:57:40.409, 9279 MiB, 23034 MiB, 0 %
2026/10/08 12:57:42.410, 9279 MiB, 23034 MiB, 0 %
2026/10/08 12:57:44.411, 9279 MiB, 23034 MiB, 0 %
2026/10/08 12:57:46.412, 9279 MiB, 23034 MiB, 0 %
2026/10/08 12:57:48.412, 9279 MiB, 23034 MiB, 0 %
2026/10/08 12:57:50.413, 9279 MiB, 23034 MiB, 0 %
2026/10/08 12:57:52.414, 9279 MiB, 23034 MiB, 0 %
2026/10/08 12:57:54.414, 9279 MiB, 23034 MiB, 1 %
2026/10/08 12:57:56.415, 9279 MiB, 23034 MiB, 0 %
2026/10/08 12:57:58.416, 9279 MiB, 23034 MiB, 0 %
2026/10/08 12:58:00.416, 9279 MiB, 23034 MiB, 0 %
2026/10/08 12:58:02.417, 9279 MiB, 23034 MiB, 0 %
2026/10/08 12:58:04.418, 9279 MiB, 23034 MiB, 0 %
2026/10/08 12:58:06.418, 9279 MiB, 23034 MiB, 0 %
2026/10/08 12:58:08.419, 9279 MiB, 23034 MiB, 0 %
2026/10/08 12:58:10.420, 9279 MiB, 23034 MiB, 0 %
2026/10/08 12:58:12.420, 9279 MiB, 23034 MiB, 1 %
2026/10/08 12:58:14.421, 9279 MiB, 23034 MiB, 1 %
2026/10/08 12:58:16.421, 9279 MiB, 23034 MiB, 1 %
2026/10/08 12:58:18.422, 9279 MiB, 23034 MiB, 53 %
2026/10/08 12:58:20.423, 9259 MiB, 23034 MiB, 0 %
2026/10/08 12:58:22.423, 9259 MiB, 23034 MiB, 0 %
2026/10/08 12:58:24.424, 9259 MiB, 23034 MiB, 0 %
2026/10/08 12:58:26.424, 9259 MiB, 23034 MiB, 0 %
2026/10/08 12:58:28.425, 9259 MiB, 23034 MiB, 0 %
2026/10/08 12:58:30.426, 9259 MiB, 23034 MiB, 0 %
2026/10/08 12:58:32.426, 9259 MiB, 23034 MiB, 0 %
2026/10/08 12:58:34.427, 9259 MiB, 23034 MiB, 0 %
2026/10/08 12:58:36.427, 9259 MiB, 23034 MiB, 0 %
2026/10/08 12:58:38.428, 9259 MiB, 23034 MiB, 0 %
2026/10/08 12:58:40.429, 9259 MiB, 23034 MiB, 0 %
2026/10/08 12:58:42.429, 9259 MiB, 23034 MiB, 0 %
2026/10/08 12:58:44.430, 9259 MiB, 23034 MiB, 0 %
2026/10/08 12:58:46.431, 9259 MiB, 23034 MiB, 0 %
2026/10/08 12:58:48.431, 9259 MiB, 23034 MiB, 0 %
2026/10/08 12:58:50.432, 9259 MiB, 23034 MiB, 0 %
2026/10/08 12:58:52.432, 9259 MiB, 23034 MiB, 0 %
2026/10/08 12:58:54.433, 9259 MiB, 23034 MiB, 0 %
2026/10/08 12:58:56.434, 9259 MiB, 23034 MiB, 0 %
2026/10/08 12:58:58.436, 9259 MiB, 23034 MiB, 0 %
2026/10/08 12:59:00.437, 9259 MiB, 23034 MiB, 0 %
2026/10/08 12:59:02.437, 9261 MiB, 23034 MiB, 0 %
2026/10/08 12:59:04.438, 9261 MiB, 23034 MiB, 0 %
2026/10/08 12:59:06.438, 9261 MiB, 23034 MiB, 0 %
2026/10/08 12:59:08.439, 9261 MiB, 23034 MiB, 0 %
2026/10/08 12:59:10.439, 9261 MiB, 23034 MiB, 0 %
2026/10/08 12:59:12.440, 9261 MiB, 23034 MiB, 0 %
2026/10/08 12:59:14.440, 9261 MiB, 23034 MiB, 0 %
2026/10/08 12:59:16.441, 9261 MiB, 23034 MiB, 0 %
2026/10/08 12:59:18.442, 9261 MiB, 23034 MiB, 0 %
2026/10/08 12:59:20.442, 9261 MiB, 23034 MiB, 0 %
2026/10/08 12:59:22.443, 9263 MiB, 23034 MiB, 0 %
2026/10/08 12:59:24.444, 9263 MiB, 23034 MiB, 0 %
2026/10/08 12:59:26.444, 9339 MiB, 23034 MiB, 0 %
2026/10/08 12:59:28.445, 9531 MiB, 23034 MiB, 99 %
2026/10/08 12:59:30.445, 9579 MiB, 23034 MiB, 98 %
2026/10/08 12:59:32.446, 9579 MiB, 23034 MiB, 99 %
2026/10/08 12:59:34.446, 9579 MiB, 23034 MiB, 98 %
2026/10/08 12:59:36.447, 9579 MiB, 23034 MiB, 98 %
2026/10/08 12:59:38.448, 9579 MiB, 23034 MiB, 98 %
2026/10/08 12:59:40.448, 9579 MiB, 23034 MiB, 98 %
2026/10/08 12:59:42.449, 9579 MiB, 23034 MiB, 98 %
2026/10/08 12:59:44.449, 9579 MiB, 23034 MiB, 98 %
2026/10/08 12:59:46.450, 9579 MiB, 23034 MiB, 99 %
2026/10/08 12:59:48.451, 9579 MiB, 23034 MiB, 99 %
2026/10/08 12:59:50.451, 9579 MiB, 23034 MiB, 98 %
2026/10/08 12:59:52.452, 9579 MiB, 23034 MiB, 98 %
2026/10/08 12:59:54.453, 9579 MiB, 23034 MiB, 98 %
2026/10/08 12:59:56.453, 9579 MiB, 23034 MiB, 98 %
2026/10/08 12:59:58.454, 9579 MiB, 23034 MiB, 99 %
2026/10/08 13:00:00.455, 9579 MiB, 23034 MiB, 98 %
2026/10/08 13:00:02.455, 10937 MiB, 23034 MiB, 42 %
2026/10/08 13:00:04.456, 18007 MiB, 23034 MiB, 38 %
2026/10/08 13:00:06.457, 18241 MiB, 23034 MiB, 42 %
2026/10/08 13:00:08.457, 18329 MiB, 23034 MiB, 39 %
2026/10/08 13:00:10.458, 18433 MiB, 23034 MiB, 58 %
2026/10/08 13:00:12.459, 18537 MiB, 23034 MiB, 21 %
2026/10/08 13:00:14.459, 20079 MiB, 23034 MiB, 9 %
2026/10/08 13:00:16.460, 20079 MiB, 23034 MiB, 0 %
2026/10/08 13:00:18.460, 20079 MiB, 23034 MiB, 0 %
2026/10/08 13:00:20.461, 20079 MiB, 23034 MiB, 0 %
2026/10/08 13:00:22.462, 20079 MiB, 23034 MiB, 0 %
2026/10/08 13:00:24.462, 20079 MiB, 23034 MiB, 98 %
2026/10/08 13:00:26.463, 20079 MiB, 23034 MiB, 98 %
2026/10/08 13:00:28.464, 20079 MiB, 23034 MiB, 98 %
2026/10/08 13:00:30.464, 20079 MiB, 23034 MiB, 98 %
2026/10/08 13:00:32.465, 20079 MiB, 23034 MiB, 96 %
2026/10/08 13:00:34.465, 20079 MiB, 23034 MiB, 97 %
2026/10/08 13:00:36.466, 20079 MiB, 23034 MiB, 93 %
2026/10/08 13:00:38.466, 20079 MiB, 23034 MiB, 96 %
2026/10/08 13:00:40.467, 20079 MiB, 23034 MiB, 88 %
2026/10/08 13:00:42.468, 20079 MiB, 23034 MiB, 97 %
2026/10/08 13:00:44.468, 20079 MiB, 23034 MiB, 80 %
2026/10/08 13:00:46.469, 20079 MiB, 23034 MiB, 98 %
2026/10/08 13:00:48.470, 20079 MiB, 23034 MiB, 82 %
2026/10/08 13:00:50.470, 20079 MiB, 23034 MiB, 96 %
2026/10/08 13:00:52.471, 20079 MiB, 23034 MiB, 82 %
2026/10/08 13:00:54.472, 20079 MiB, 23034 MiB, 98 %
2026/10/08 13:00:56.473, 20079 MiB, 23034 MiB, 80 %
2026/10/08 13:00:58.473, 20079 MiB, 23034 MiB, 96 %
2026/10/08 13:01:00.474, 20079 MiB, 23034 MiB, 82 %
2026/10/08 13:01:02.475, 20079 MiB, 23034 MiB, 98 %
2026/10/08 13:01:04.475, 20079 MiB, 23034 MiB, 91 %
2026/10/08 13:01:06.476, 20079 MiB, 23034 MiB, 98 %
2026/10/08 13:01:08.477, 20079 MiB, 23034 MiB, 97 %
2026/10/08 13:01:10.477, 20079 MiB, 23034 MiB, 97 %
2026/10/08 13:01:12.478, 20079 MiB, 23034 MiB, 98 %
2026/10/08 13:01:14.479, 20079 MiB, 23034 MiB, 97 %
2026/10/08 13:01:16.479, 20079 MiB, 23034 MiB, 98 %
2026/10/08 13:01:18.480, 20079 MiB, 23034 MiB, 98 %
2026/10/08 13:01:20.480, 20079 MiB, 23034 MiB, 97 %
2026/10/08 13:01:22.481, 20079 MiB, 23034 MiB, 96 %
2026/10/08 13:01:24.482, 20079 MiB, 23034 MiB, 97 %
2026/10/08 13:01:26.482, 20079 MiB, 23034 MiB, 97 %
2026/10/08 13:01:28.483, 20079 MiB, 23034 MiB, 97 %
2026/10/08 13:01:30.483, 20079 MiB, 23034 MiB, 96 %
2026/10/08 13:01:32.484, 20079 MiB, 23034 MiB, 95 %
2026/10/08 13:01:34.485, 20079 MiB, 23034 MiB, 98 %
2026/10/08 13:01:36.485, 20079 MiB, 23034 MiB, 96 %
2026/10/08 13:01:38.486, 20079 MiB, 23034 MiB, 96 %
2026/10/08 13:01:40.486, 20079 MiB, 23034 MiB, 95 %
2026/10/08 13:01:42.487, 20079 MiB, 23034 MiB, 97 %
2026/10/08 13:01:44.487, 20079 MiB, 23034 MiB, 98 %
2026/10/08 13:01:46.488, 20079 MiB, 23034 MiB, 98 %
2026/10/08 13:01:48.489, 20079 MiB, 23034 MiB, 98 %
2026/10/08 13:01:50.489, 20079 MiB, 23034 MiB, 98 %
2026/10/08 13:01:52.490, 20079 MiB, 23034 MiB, 98 %
2026/10/08 13:01:54.490, 20079 MiB, 23034 MiB, 98 %
2026/10/08 13:01:56.491, 20079 MiB, 23034 MiB, 98 %
2026/10/08 13:01:58.492, 20079 MiB, 23034 MiB, 97 %
2026/10/08 13:02:00.492, 20079 MiB, 23034 MiB, 98 %
2026/10/08 13:02:02.493, 20079 MiB, 23034 MiB, 98 %
2026/10/08 13:02:04.494, 20079 MiB, 23034 MiB, 96 %
2026/10/08 13:02:06.494, 20079 MiB, 23034 MiB, 97 %
2026/10/08 13:02:08.495, 20079 MiB, 23034 MiB, 96 %
2026/10/08 13:02:10.495, 20079 MiB, 23034 MiB, 97 %
2026/10/08 13:02:12.496, 20079 MiB, 23034 MiB, 97 %
2026/10/08 13:02:14.497, 20079 MiB, 23034 MiB, 98 %
2026/10/08 13:02:16.497, 20079 MiB, 23034 MiB, 98 %
2026/10/08 13:02:18.498, 20079 MiB, 23034 MiB, 91 %
2026/10/08 13:02:20.499, 20079 MiB, 23034 MiB, 97 %
2026/10/08 13:02:22.499, 20079 MiB, 23034 MiB, 94 %
2026/10/08 13:02:24.500, 20079 MiB, 23034 MiB, 97 %
2026/10/08 13:02:26.501, 20079 MiB, 23034 MiB, 82 %
2026/10/08 13:02:28.501, 20079 MiB, 23034 MiB, 97 %
2026/10/08 13:02:30.502, 20079 MiB, 23034 MiB, 85 %
2026/10/08 13:02:32.502, 20079 MiB, 23034 MiB, 96 %
2026/10/08 13:02:34.503, 20079 MiB, 23034 MiB, 83 %
2026/10/08 13:02:36.504, 20079 MiB, 23034 MiB, 98 %
2026/10/08 13:02:38.504, 20079 MiB, 23034 MiB, 98 %
2026/10/08 13:02:40.505, 20079 MiB, 23034 MiB, 97 %
2026/10/08 13:02:42.506, 20079 MiB, 23034 MiB, 97 %
2026/10/08 13:02:44.506, 20079 MiB, 23034 MiB, 98 %
2026/10/08 13:02:46.507, 20079 MiB, 23034 MiB, 98 %
2026/10/08 13:02:48.507, 20079 MiB, 23034 MiB, 97 %
2026/10/08 13:02:50.508, 20079 MiB, 23034 MiB, 97 %
2026/10/08 13:02:52.508, 20079 MiB, 23034 MiB, 97 %
2026/10/08 13:02:54.509, 20079 MiB, 23034 MiB, 97 %
2026/10/08 13:02:56.510, 20079 MiB, 23034 MiB, 98 %
2026/10/08 13:02:58.510, 20079 MiB, 23034 MiB, 98 %
2026/10/08 13:03:00.511, 20079 MiB, 23034 MiB, 88 %
2026/10/08 13:03:02.512, 20079 MiB, 23034 MiB, 97 %
2026/10/08 13:03:04.512, 20079 MiB, 23034 MiB, 95 %
2026/10/08 13:03:06.513, 20079 MiB, 23034 MiB, 97 %
2026/10/08 13:03:08.514, 20079 MiB, 23034 MiB, 97 %
2026/10/08 13:03:10.514, 20079 MiB, 23034 MiB, 94 %
2026/10/08 13:03:12.515, 20079 MiB, 23034 MiB, 98 %
2026/10/08 13:03:14.515, 20079 MiB, 23034 MiB, 84 %
2026/10/08 13:03:16.516, 20079 MiB, 23034 MiB, 97 %
2026/10/08 13:03:18.517, 20079 MiB, 23034 MiB, 87 %
2026/10/08 13:03:20.517, 20079 MiB, 23034 MiB, 98 %
2026/10/08 13:03:22.518, 20079 MiB, 23034 MiB, 97 %
2026/10/08 13:03:24.519, 20079 MiB, 23034 MiB, 97 %
2026/10/08 13:03:26.519, 20079 MiB, 23034 MiB, 98 %
2026/10/08 13:03:28.520, 20079 MiB, 23034 MiB, 97 %
2026/10/08 13:03:30.520, 20079 MiB, 23034 MiB, 0 %
2026/10/08 13:03:32.521, 20079 MiB, 23034 MiB, 84 %
2026/10/08 13:03:34.522, 20079 MiB, 23034 MiB, 97 %
2026/10/08 13:03:36.522, 20079 MiB, 23034 MiB, 98 %
2026/10/08 13:03:38.523, 20079 MiB, 23034 MiB, 98 %
2026/10/08 13:03:40.524, 20079 MiB, 23034 MiB, 97 %
2026/10/08 13:03:42.524, 20079 MiB, 23034 MiB, 97 %
2026/10/08 13:03:44.525, 20079 MiB, 23034 MiB, 97 %
2026/10/08 13:03:46.525, 20079 MiB, 23034 MiB, 98 %
2026/10/08 13:03:48.526, 20079 MiB, 23034 MiB, 98 %
2026/10/08 13:03:50.526, 20079 MiB, 23034 MiB, 98 %
2026/10/08 13:03:52.527, 20079 MiB, 23034 MiB, 97 %
2026/10/08 13:03:54.528, 20079 MiB, 23034 MiB, 98 %
2026/10/08 13:03:56.528, 20079 MiB, 23034 MiB, 98 %
2026/10/08 13:03:58.529, 20079 MiB, 23034 MiB, 98 %
2026/10/08 13:04:00.529, 20079 MiB, 23034 MiB, 96 %
2026/10/08 13:04:02.530, 20079 MiB, 23034 MiB, 96 %
2026/10/08 13:04:04.531, 20079 MiB, 23034 MiB, 98 %
2026/10/08 13:04:06.531, 20079 MiB, 23034 MiB, 98 %
2026/10/08 13:04:08.532, 20079 MiB, 23034 MiB, 98 %
2026/10/08 13:04:10.533, 20079 MiB, 23034 MiB, 98 %
2026/10/08 13:04:12.533, 20079 MiB, 23034 MiB, 97 %
2026/10/08 13:04:14.534, 20079 MiB, 23034 MiB, 84 %
2026/10/08 13:04:16.535, 20079 MiB, 23034 MiB, 98 %
2026/10/08 13:04:18.535, 20079 MiB, 23034 MiB, 98 %
2026/10/08 13:04:20.536, 20079 MiB, 23034 MiB, 98 %
2026/10/08 13:04:22.536, 20079 MiB, 23034 MiB, 96 %
2026/10/08 13:04:24.537, 20079 MiB, 23034 MiB, 97 %
2026/10/08 13:04:26.537, 20079 MiB, 23034 MiB, 98 %
2026/10/08 13:04:28.538, 20079 MiB, 23034 MiB, 83 %
2026/10/08 13:04:30.539, 20079 MiB, 23034 MiB, 97 %
2026/10/08 13:04:32.539, 20079 MiB, 23034 MiB, 97 %
2026/10/08 13:04:34.540, 20079 MiB, 23034 MiB, 98 %
2026/10/08 13:04:36.540, 20079 MiB, 23034 MiB, 98 %
2026/10/08 13:04:38.541, 20079 MiB, 23034 MiB, 98 %
2026/10/08 13:04:40.541, 20079 MiB, 23034 MiB, 97 %
2026/10/08 13:04:42.542, 20079 MiB, 23034 MiB, 80 %
2026/10/08 13:04:44.543, 20079 MiB, 23034 MiB, 97 %
2026/10/08 13:04:46.543, 20079 MiB, 23034 MiB, 96 %
2026/10/08 13:04:48.544, 20079 MiB, 23034 MiB, 96 %
2026/10/08 13:04:50.544, 20079 MiB, 23034 MiB, 98 %
2026/10/08 13:04:52.545, 20079 MiB, 23034 MiB, 97 %
2026/10/08 13:04:54.546, 20079 MiB, 23034 MiB, 97 %
2026/10/08 13:04:56.546, 20079 MiB, 23034 MiB, 98 %
2026/10/08 13:04:58.547, 20079 MiB, 23034 MiB, 97 %
2026/10/08 13:05:00.548, 20079 MiB, 23034 MiB, 83 %
2026/10/08 13:05:02.548, 20079 MiB, 23034 MiB, 93 %
2026/10/08 13:05:04.549, 20079 MiB, 23034 MiB, 98 %
2026/10/08 13:05:06.550, 20079 MiB, 23034 MiB, 98 %
2026/10/08 13:05:08.550, 20079 MiB, 23034 MiB, 97 %
2026/10/08 13:05:10.551, 20079 MiB, 23034 MiB, 97 %
2026/10/08 13:05:12.551, 20079 MiB, 23034 MiB, 98 %
2026/10/08 13:05:14.552, 20079 MiB, 23034 MiB, 97 %
2026/10/08 13:05:16.553, 20079 MiB, 23034 MiB, 98 %
2026/10/08 13:05:18.553, 20079 MiB, 23034 MiB, 82 %
2026/10/08 13:05:20.554, 20079 MiB, 23034 MiB, 97 %
2026/10/08 13:05:22.555, 20079 MiB, 23034 MiB, 98 %
2026/10/08 13:05:24.555, 20079 MiB, 23034 MiB, 98 %
2026/10/08 13:05:26.556, 20079 MiB, 23034 MiB, 97 %
2026/10/08 13:05:28.557, 20079 MiB, 23034 MiB, 97 %
2026/10/08 13:05:30.557, 20079 MiB, 23034 MiB, 96 %
2026/10/08 13:05:32.558, 20079 MiB, 23034 MiB, 81 %
2026/10/08 13:05:34.559, 20079 MiB, 23034 MiB, 98 %
2026/10/08 13:05:36.559, 20079 MiB, 23034 MiB, 97 %
2026/10/08 13:05:38.560, 20079 MiB, 23034 MiB, 97 %
2026/10/08 13:05:40.560, 20079 MiB, 23034 MiB, 97 %
2026/10/08 13:05:42.562, 20079 MiB, 23034 MiB, 97 %
2026/10/08 13:05:44.562, 20079 MiB, 23034 MiB, 98 %
2026/10/08 13:05:46.563, 20079 MiB, 23034 MiB, 91 %
2026/10/08 13:05:48.564, 20079 MiB, 23034 MiB, 97 %
2026/10/08 13:05:50.564, 20079 MiB, 23034 MiB, 98 %
2026/10/08 13:05:52.565, 20079 MiB, 23034 MiB, 98 %
2026/10/08 13:05:54.566, 20079 MiB, 23034 MiB, 97 %
2026/10/08 13:05:56.566, 20079 MiB, 23034 MiB, 95 %
2026/10/08 13:05:58.567, 20079 MiB, 23034 MiB, 94 %
2026/10/08 13:06:00.568, 20079 MiB, 23034 MiB, 82 %
2026/10/08 13:06:02.568, 20079 MiB, 23034 MiB, 98 %
2026/10/08 13:06:04.569, 20079 MiB, 23034 MiB, 97 %
2026/10/08 13:06:06.570, 20079 MiB, 23034 MiB, 97 %
2026/10/08 13:06:08.571, 20079 MiB, 23034 MiB, 97 %
2026/10/08 13:06:10.572, 20079 MiB, 23034 MiB, 85 %
2026/10/08 13:06:12.572, 20079 MiB, 23034 MiB, 98 %
2026/10/08 13:06:14.573, 20079 MiB, 23034 MiB, 97 %
2026/10/08 13:06:16.574, 20079 MiB, 23034 MiB, 97 %
2026/10/08 13:06:18.574, 20079 MiB, 23034 MiB, 87 %
2026/10/08 13:06:20.575, 20079 MiB, 23034 MiB, 97 %
2026/10/08 13:06:22.575, 20079 MiB, 23034 MiB, 97 %
2026/10/08 13:06:24.576, 20079 MiB, 23034 MiB, 97 %
2026/10/08 13:06:26.577, 20079 MiB, 23034 MiB, 96 %
2026/10/08 13:06:28.577, 20079 MiB, 23034 MiB, 0 %
2026/10/08 13:06:30.578, 20079 MiB, 23034 MiB, 0 %
2026/10/08 13:06:32.579, 20079 MiB, 23034 MiB, 0 %
