timestamp, memory.used [MiB], memory.total [MiB], utilization.gpu [%]
2026/10/07 22:02:53.706, 0 MiB, 23034 MiB, 0 %
2026/10/07 22:02:55.707, 0 MiB, 23034 MiB, 0 %
2026/10/07 22:02:57.707, 0 MiB, 23034 MiB, 0 %
2026/10/07 22:02:59.708, 0 MiB, 23034 MiB, 0 %
2026/10/07 22:03:01.709, 0 MiB, 23034 MiB, 0 %
2026/10/07 22:03:03.709, 0 MiB, 23034 MiB, 0 %
2026/10/07 22:03:05.710, 0 MiB, 23034 MiB, 0 %
2026/10/07 22:03:07.711, 0 MiB, 23034 MiB, 0 %
2026/10/07 22:03:09.711, 0 MiB, 23034 MiB, 0 %
2026/10/07 22:03:11.712, 0 MiB, 23034 MiB, 0 %
2026/10/07 22:03:13.713, 0 MiB, 23034 MiB, 0 %
2026/10/07 22:03:15.714, 0 MiB, 23034 MiB, 0 %
2026/10/07 22:03:17.714, 0 MiB, 23034 MiB, 0 %
2026/10/07 22:03:19.715, 0 MiB, 23034 MiB, 0 %
2026/10/07 22:03:21.716, 0 MiB, 23034 MiB, 0 %
2026/10/07 22:03:23.717, 0 MiB, 23034 MiB, 0 %
2026/10/07 22:03:25.718, 0 MiB, 23034 MiB, 0 %
2026/10/07 22:03:27.718, 0 MiB, 23034 MiB, 0 %
2026/10/07 22:03:29.721, 3 MiB, 23034 MiB, 0 %
2026/10/07 22:03:31.722, 3 MiB, 23034 MiB, 0 %
2026/10/07 22:03:33.723, 1355 MiB, 23034 MiB, 0 %
2026/10/07 22:03:35.724, 1355 MiB, 23034 MiB, 0 %
2026/10/07 22:03:37.724, 1385 MiB, 23034 MiB, 5 %
2026/10/07 22:03:39.725, 1765 MiB, 23034 MiB, 30 %
2026/10/07 22:03:41.726, 1765 MiB, 23034 MiB, 0 %
2026/10/07 22:03:43.727, 0 MiB, 23034 MiB, 0 %
2026/10/07 22:03:45.727, 0 MiB, 23034 MiB, 0 %
2026/10/07 22:03:47.728, 0 MiB, 23034 MiB, 0 %
2026/10/07 22:03:49.729, 0 MiB, 23034 MiB, 0 %
2026/10/07 22:03:51.730, 0 MiB, 23034 MiB, 0 %
2026/10/07 22:03:53.732, 0 MiB, 23034 MiB, 0 %
2026/10/07 22:03:55.733, 0 MiB, 23034 MiB, 0 %
2026/10/07 22:03:57.734, 0 MiB, 23034 MiB, 0 %
2026/10/07 22:03:59.735, 0 MiB, 23034 MiB, 0 %
2026/10/07 22:04:01.735, 0 MiB, 23034 MiB, 0 %
2026/10/07 22:04:03.736, 0 MiB, 23034 MiB, 0 %
2026/10/07 22:04:05.737, 0 MiB, 23034 MiB, 0 %
2026/10/07 22:04:07.738, 195 MiB, 23034 MiB, 1 %
2026/10/07 22:04:09.739, 4585 MiB, 23034 MiB, 0 %
2026/10/07 22:04:11.740, 4585 MiB, 23034 MiB, 0 %
2026/10/07 22:04:13.741, 4585 MiB, 23034 MiB, 0 %
2026/10/07 22:04:15.741, 4585 MiB, 23034 MiB, 0 %
2026/10/07 22:04:17.742, 4585 MiB, 23034 MiB, 0 %
2026/10/07 22:04:19.743, 4585 MiB, 23034 MiB, 0 %
2026/10/07 22:04:21.744, 4585 MiB, 23034 MiB, 0 %
2026/10/07 22:04:23.744, 4585 MiB, 23034 MiB, 0 %
2026/10/07 22:04:25.745, 4585 MiB, 23034 MiB, 0 %
2026/10/07 22:04:27.746, 4585 MiB, 23034 MiB, 0 %
2026/10/07 22:04:29.747, 4585 MiB, 23034 MiB, 0 %
2026/10/07 22:04:31.748, 4585 MiB, 23034 MiB, 0 %
2026/10/07 22:04:33.749, 4585 MiB, 23034 MiB, 0 %
2026/10/07 22:04:35.750, 4585 MiB, 23034 MiB, 0 %
2026/10/07 22:04:37.750, 4585 MiB, 23034 MiB, 0 %
2026/10/07 22:04:39.751, 4585 MiB, 23034 MiB, 0 %
2026/10/07 22:04:41.752, 4585 MiB, 23034 MiB, 0 %
2026/10/07 22:04:43.753, 4585 MiB, 23034 MiB, 0 %
2026/10/07 22:04:45.753, 6211 MiB, 23034 MiB, 0 %
2026/10/07 22:04:47.754, 11445 MiB, 23034 MiB, 41 %
2026/10/07 22:04:49.755, 11541 MiB, 23034 MiB, 19 %
2026/10/07 22:04:51.755, 11655 MiB, 23034 MiB, 24 %
2026/10/07 22:04:53.756, 11769 MiB, 23034 MiB, 8 %
2026/10/07 22:04:55.758, 11875 MiB, 23034 MiB, 1 %
2026/10/07 22:04:57.761, 13345 MiB, 23034 MiB, 0 %
2026/10/07 22:04:59.762, 13345 MiB, 23034 MiB, 0 %
2026/10/07 22:05:01.763, 13345 MiB, 23034 MiB, 0 %
2026/10/07 22:05:03.763, 13345 MiB, 23034 MiB, 0 %
2026/10/07 22:05:05.764, 13345 MiB, 23034 MiB, 0 %
2026/10/07 22:05:07.765, 13345 MiB, 23034 MiB, 0 %
2026/10/07 22:05:09.766, 13345 MiB, 23034 MiB, 0 %
2026/10/07 22:05:11.785, 13345 MiB, 23034 MiB, 0 %
2026/10/07 22:05:13.785, 14696 MiB, 23034 MiB, 19 %
2026/10/07 22:05:15.786, 14696 MiB, 23034 MiB, 0 %
2026/10/07 22:05:17.786, 15764 MiB, 23034 MiB, 0 %
2026/10/07 22:05:19.787, 15764 MiB, 23034 MiB, 0 %
2026/10/07 22:05:21.787, 15836 MiB, 23034 MiB, 0 %
2026/10/07 22:05:23.788, 15966 MiB, 23034 MiB, 0 %
2026/10/07 22:05:25.789, 15966 MiB, 23034 MiB, 40 %
2026/10/07 22:05:27.790, 15966 MiB, 23034 MiB, 91 %
2026/10/07 22:05:29.790, 15966 MiB, 23034 MiB, 92 %
2026/10/07 22:05:31.791, 15966 MiB, 23034 MiB, 50 %
2026/10/07 22:05:33.792, 15966 MiB, 23034 MiB, 0 %
2026/10/07 22:05:35.792, 15966 MiB, 23034 MiB, 0 %
2026/10/07 22:05:37.793, 15966 MiB, 23034 MiB, 0 %
2026/10/07 22:05:39.793, 15966 MiB, 23034 MiB, 0 %
2026/10/07 22:05:41.794, 15966 MiB, 23034 MiB, 0 %
2026/10/07 22:05:43.795, 15966 MiB, 23034 MiB, 0 %
2026/10/07 22:05:45.796, 16937 MiB, 23034 MiB, 25 %
2026/10/07 22:05:47.800, 17317 MiB, 23034 MiB, 0 %
2026/10/07 22:05:49.801, 17317 MiB, 23034 MiB, 0 %
2026/10/07 22:05:51.801, 18579 MiB, 23034 MiB, 92 %
2026/10/07 22:05:53.803, 18579 MiB, 23034 MiB, 40 %
2026/10/07 22:05:55.803, 18641 MiB, 23034 MiB, 92 %
2026/10/07 22:05:57.804, 18705 MiB, 23034 MiB, 35 %
2026/10/07 22:05:59.805, 18707 MiB, 23034 MiB, 92 %
2026/10/07 22:06:01.806, 18707 MiB, 23034 MiB, 69 %
2026/10/07 22:06:03.808, 18707 MiB, 23034 MiB, 91 %
2026/10/07 22:06:05.809, 18707 MiB, 23034 MiB, 89 %
2026/10/07 22:06:07.813, 18707 MiB, 23034 MiB, 91 %
2026/10/07 22:06:09.814, 18707 MiB, 23034 MiB, 88 %
2026/10/07 22:06:11.814, 18707 MiB, 23034 MiB, 89 %
2026/10/07 22:06:13.815, 18707 MiB, 23034 MiB, 88 %
2026/10/07 22:06:15.816, 18707 MiB, 23034 MiB, 86 %
2026/10/07 22:06:17.817, 18707 MiB, 23034 MiB, 90 %
2026/10/07 22:06:19.818, 18707 MiB, 23034 MiB, 36 %
2026/10/07 22:06:21.819, 18707 MiB, 23034 MiB, 90 %
2026/10/07 22:06:23.819, 18707 MiB, 23034 MiB, 88 %
2026/10/07 22:06:25.820, 18709 MiB, 23034 MiB, 87 %
2026/10/07 22:06:27.820, 18709 MiB, 23034 MiB, 88 %
2026/10/07 22:06:29.821, 18709 MiB, 23034 MiB, 74 %
2026/10/07 22:06:31.822, 18709 MiB, 23034 MiB, 87 %
2026/10/07 22:06:33.823, 18709 MiB, 23034 MiB, 56 %
2026/10/07 22:06:35.824, 18709 MiB, 23034 MiB, 88 %
2026/10/07 22:06:37.824, 18709 MiB, 23034 MiB, 92 %
2026/10/07 22:06:39.825, 18709 MiB, 23034 MiB, 90 %
2026/10/07 22:06:41.826, 18709 MiB, 23034 MiB, 91 %
2026/10/07 22:06:43.827, 18709 MiB, 23034 MiB, 91 %
2026/10/07 22:06:45.827, 18709 MiB, 23034 MiB, 90 %
2026/10/07 22:06:47.828, 18709 MiB, 23034 MiB, 66 %
2026/10/07 22:06:49.829, 18709 MiB, 23034 MiB, 89 %
2026/10/07 22:06:51.829, 18709 MiB, 23034 MiB, 90 %
2026/10/07 22:06:53.830, 18709 MiB, 23034 MiB, 89 %
2026/10/07 22:06:55.831, 18709 MiB, 23034 MiB, 90 %
2026/10/07 22:06:57.832, 18709 MiB, 23034 MiB, 9 %
2026/10/07 22:06:59.833, 18709 MiB, 23034 MiB, 92 %
2026/10/07 22:07:01.834, 18709 MiB, 23034 MiB, 6 %
2026/10/07 22:07:03.834, 18709 MiB, 23034 MiB, 89 %
2026/10/07 22:07:05.835, 18709 MiB, 23034 MiB, 89 %
2026/10/07 22:07:07.839, 18709 MiB, 23034 MiB, 49 %
2026/10/07 22:07:09.842, 18709 MiB, 23034 MiB, 73 %
2026/10/07 22:07:11.843, 18709 MiB, 23034 MiB, 89 %
2026/10/07 22:07:13.844, 18709 MiB, 23034 MiB, 77 %
2026/10/07 22:07:15.845, 18709 MiB, 23034 MiB, 88 %
2026/10/07 22:07:17.845, 18709 MiB, 23034 MiB, 88 %
2026/10/07 22:07:19.846, 18709 MiB, 23034 MiB, 85 %
2026/10/07 22:07:21.847, 18709 MiB, 23034 MiB, 46 %
2026/10/07 22:07:23.847, 18709 MiB, 23034 MiB, 36 %
2026/10/07 22:07:25.848, 18709 MiB, 23034 MiB, 67 %
2026/10/07 22:07:27.848, 18709 MiB, 23034 MiB, 85 %
2026/10/07 22:07:29.849, 18709 MiB, 23034 MiB, 88 %
2026/10/07 22:07:31.850, 18709 MiB, 23034 MiB, 53 %
2026/10/07 22:07:33.851, 18709 MiB, 23034 MiB, 91 %
2026/10/07 22:07:35.851, 18709 MiB, 23034 MiB, 90 %
2026/10/07 22:07:37.852, 18709 MiB, 23034 MiB, 86 %
2026/10/07 22:07:39.852, 18709 MiB, 23034 MiB, 9 %
2026/10/07 22:07:41.853, 18709 MiB, 23034 MiB, 82 %
2026/10/07 22:07:43.853, 18709 MiB, 23034 MiB, 82 %
2026/10/07 22:07:45.854, 18709 MiB, 23034 MiB, 90 %
2026/10/07 22:07:47.855, 18709 MiB, 23034 MiB, 26 %
2026/10/07 22:07:49.856, 18709 MiB, 23034 MiB, 91 %
2026/10/07 22:07:51.857, 18709 MiB, 23034 MiB, 91 %
2026/10/07 22:07:53.858, 18709 MiB, 23034 MiB, 92 %
2026/10/07 22:07:55.859, 18709 MiB, 23034 MiB, 91 %
2026/10/07 22:07:57.861, 18709 MiB, 23034 MiB, 89 %
2026/10/07 22:07:59.862, 18709 MiB, 23034 MiB, 75 %
2026/10/07 22:08:01.863, 18709 MiB, 23034 MiB, 89 %
2026/10/07 22:08:03.863, 18709 MiB, 23034 MiB, 24 %
2026/10/07 22:08:05.864, 18709 MiB, 23034 MiB, 8 %
2026/10/07 22:08:07.865, 18709 MiB, 23034 MiB, 77 %
2026/10/07 22:08:09.865, 18709 MiB, 23034 MiB, 90 %
2026/10/07 22:08:11.866, 18709 MiB, 23034 MiB, 60 %
2026/10/07 22:08:13.869, 18709 MiB, 23034 MiB, 88 %
2026/10/07 22:08:15.870, 18709 MiB, 23034 MiB, 84 %
2026/10/07 22:08:17.871, 18709 MiB, 23034 MiB, 91 %
2026/10/07 22:08:19.871, 18709 MiB, 23034 MiB, 90 %
2026/10/07 22:08:21.872, 18709 MiB, 23034 MiB, 91 %
2026/10/07 22:08:23.873, 18709 MiB, 23034 MiB, 28 %
2026/10/07 22:08:25.874, 18709 MiB, 23034 MiB, 90 %
2026/10/07 22:08:27.874, 18709 MiB, 23034 MiB, 23 %
2026/10/07 22:08:29.875, 18709 MiB, 23034 MiB, 93 %
2026/10/07 22:08:31.876, 18709 MiB, 23034 MiB, 88 %
2026/10/07 22:08:33.877, 18709 MiB, 23034 MiB, 94 %
2026/10/07 22:08:35.878, 18709 MiB, 23034 MiB, 78 %
2026/10/07 22:08:37.879, 18709 MiB, 23034 MiB, 14 %
2026/10/07 22:08:39.880, 18709 MiB, 23034 MiB, 83 %
2026/10/07 22:08:41.880, 18709 MiB, 23034 MiB, 94 %
2026/10/07 22:08:43.881, 18709 MiB, 23034 MiB, 94 %
2026/10/07 22:08:45.882, 18709 MiB, 23034 MiB, 48 %
2026/10/07 22:08:47.883, 18709 MiB, 23034 MiB, 94 %
2026/10/07 22:08:49.884, 18709 MiB, 23034 MiB, 94 %
2026/10/07 22:08:51.885, 18709 MiB, 23034 MiB, 94 %
2026/10/07 22:08:53.885, 18709 MiB, 23034 MiB, 89 %
2026/10/07 22:08:55.886, 18709 MiB, 23034 MiB, 80 %
2026/10/07 22:08:57.887, 18709 MiB, 23034 MiB, 94 %
2026/10/07 22:08:59.888, 18709 MiB, 23034 MiB, 93 %
2026/10/07 22:09:01.889, 18709 MiB, 23034 MiB, 91 %
2026/10/07 22:09:03.889, 18709 MiB, 23034 MiB, 87 %
2026/10/07 22:09:05.890, 18709 MiB, 23034 MiB, 94 %
2026/10/07 22:09:07.891, 18709 MiB, 23034 MiB, 94 %
2026/10/07 22:09:09.892, 18709 MiB, 23034 MiB, 71 %
2026/10/07 22:09:11.892, 18709 MiB, 23034 MiB, 94 %
2026/10/07 22:09:13.893, 18709 MiB, 23034 MiB, 94 %
2026/10/07 22:09:15.894, 18709 MiB, 23034 MiB, 94 %
2026/10/07 22:09:17.895, 18709 MiB, 23034 MiB, 94 %
2026/10/07 22:09:19.896, 18709 MiB, 23034 MiB, 8 %
2026/10/07 22:09:21.897, 18709 MiB, 23034 MiB, 94 %
2026/10/07 22:09:23.898, 18709 MiB, 23034 MiB, 94 %
2026/10/07 22:09:25.898, 18709 MiB, 23034 MiB, 93 %
2026/10/07 22:09:27.899, 18709 MiB, 23034 MiB, 94 %
2026/10/07 22:09:29.900, 18709 MiB, 23034 MiB, 95 %
2026/10/07 22:09:31.900, 18709 MiB, 23034 MiB, 94 %
2026/10/07 22:09:33.901, 18709 MiB, 23034 MiB, 94 %
2026/10/07 22:09:35.902, 18709 MiB, 23034 MiB, 93 %
2026/10/07 22:09:37.902, 18709 MiB, 23034 MiB, 75 %
2026/10/07 22:09:39.903, 18709 MiB, 23034 MiB, 94 %
2026/10/07 22:09:41.904, 18709 MiB, 23034 MiB, 92 %
2026/10/07 22:09:43.905, 18709 MiB, 23034 MiB, 92 %
2026/10/07 22:09:45.906, 18709 MiB, 23034 MiB, 94 %
2026/10/07 22:09:47.907, 18709 MiB, 23034 MiB, 94 %
2026/10/07 22:09:49.907, 18709 MiB, 23034 MiB, 94 %
2026/10/07 22:09:51.908, 18709 MiB, 23034 MiB, 94 %
2026/10/07 22:09:53.909, 18709 MiB, 23034 MiB, 94 %
2026/10/07 22:09:55.910, 18709 MiB, 23034 MiB, 94 %
2026/10/07 22:09:57.911, 18709 MiB, 23034 MiB, 14 %
2026/10/07 22:09:59.911, 18709 MiB, 23034 MiB, 93 %
2026/10/07 22:10:01.912, 18709 MiB, 23034 MiB, 92 %
2026/10/07 22:10:03.913, 18709 MiB, 23034 MiB, 9 %
2026/10/07 22:10:05.914, 18709 MiB, 23034 MiB, 85 %
2026/10/07 22:10:07.915, 18709 MiB, 23034 MiB, 47 %
2026/10/07 22:10:09.915, 18709 MiB, 23034 MiB, 94 %
2026/10/07 22:10:11.916, 18709 MiB, 23034 MiB, 95 %
2026/10/07 22:10:13.917, 18709 MiB, 23034 MiB, 76 %
2026/10/07 22:10:15.918, 18709 MiB, 23034 MiB, 94 %
2026/10/07 22:10:17.919, 18709 MiB, 23034 MiB, 94 %
2026/10/07 22:10:19.920, 18709 MiB, 23034 MiB, 94 %
2026/10/07 22:10:21.920, 18709 MiB, 23034 MiB, 94 %
2026/10/07 22:10:23.921, 18709 MiB, 23034 MiB, 94 %
2026/10/07 22:10:25.922, 18709 MiB, 23034 MiB, 75 %
2026/10/07 22:10:27.923, 18709 MiB, 23034 MiB, 94 %
2026/10/07 22:10:29.924, 18709 MiB, 23034 MiB, 93 %
2026/10/07 22:10:31.924, 18709 MiB, 23034 MiB, 93 %
2026/10/07 22:10:33.925, 18709 MiB, 23034 MiB, 25 %
2026/10/07 22:10:35.926, 18709 MiB, 23034 MiB, 93 %
2026/10/07 22:10:37.927, 18709 MiB, 23034 MiB, 93 %
2026/10/07 22:10:39.928, 18709 MiB, 23034 MiB, 93 %
2026/10/07 22:10:41.928, 18777 MiB, 23034 MiB, 94 %
2026/10/07 22:10:43.929, 18777 MiB, 23034 MiB, 92 %
2026/10/07 22:10:45.930, 18777 MiB, 23034 MiB, 94 %
2026/10/07 22:10:47.931, 18777 MiB, 23034 MiB, 94 %
2026/10/07 22:10:49.932, 18777 MiB, 23034 MiB, 94 %
2026/10/07 22:10:51.932, 18777 MiB, 23034 MiB, 40 %
2026/10/07 22:10:53.933, 18777 MiB, 23034 MiB, 43 %
2026/10/07 22:10:55.934, 18777 MiB, 23034 MiB, 94 %
2026/10/07 22:10:57.935, 18777 MiB, 23034 MiB, 34 %
2026/10/07 22:10:59.936, 18777 MiB, 23034 MiB, 94 %
2026/10/07 22:11:01.936, 18777 MiB, 23034 MiB, 77 %
2026/10/07 22:11:03.937, 18777 MiB, 23034 MiB, 63 %
2026/10/07 22:11:05.938, 18777 MiB, 23034 MiB, 18 %
2026/10/07 22:11:07.939, 18777 MiB, 23034 MiB, 92 %
2026/10/07 22:11:09.939, 18777 MiB, 23034 MiB, 90 %
2026/10/07 22:11:11.940, 18777 MiB, 23034 MiB, 94 %
2026/10/07 22:11:13.941, 18777 MiB, 23034 MiB, 94 %
2026/10/07 22:11:15.942, 18777 MiB, 23034 MiB, 94 %
2026/10/07 22:11:17.943, 18777 MiB, 23034 MiB, 93 %
2026/10/07 22:11:19.944, 18777 MiB, 23034 MiB, 54 %
2026/10/07 22:11:21.946, 18777 MiB, 23034 MiB, 93 %
2026/10/07 22:11:23.947, 18777 MiB, 23034 MiB, 33 %
2026/10/07 22:11:25.948, 18777 MiB, 23034 MiB, 77 %
2026/10/07 22:11:27.949, 18777 MiB, 23034 MiB, 94 %
2026/10/07 22:11:29.950, 18777 MiB, 23034 MiB, 63 %
2026/10/07 22:11:31.951, 18777 MiB, 23034 MiB, 94 %
2026/10/07 22:11:33.951, 18777 MiB, 23034 MiB, 94 %
2026/10/07 22:11:35.953, 18777 MiB, 23034 MiB, 91 %
2026/10/07 22:11:37.954, 18849 MiB, 23034 MiB, 46 %
2026/10/07 22:11:39.954, 18849 MiB, 23034 MiB, 94 %
2026/10/07 22:11:41.955, 18849 MiB, 23034 MiB, 93 %
2026/10/07 22:11:43.956, 18849 MiB, 23034 MiB, 94 %
2026/10/07 22:11:45.957, 18849 MiB, 23034 MiB, 24 %
2026/10/07 22:11:47.958, 18849 MiB, 23034 MiB, 94 %
2026/10/07 22:11:49.958, 18849 MiB, 23034 MiB, 71 %
2026/10/07 22:11:51.959, 18849 MiB, 23034 MiB, 93 %
2026/10/07 22:11:53.960, 18849 MiB, 23034 MiB, 92 %
2026/10/07 22:11:55.961, 18849 MiB, 23034 MiB, 94 %
2026/10/07 22:11:57.961, 18849 MiB, 23034 MiB, 0 %
2026/10/07 22:11:59.962, 15966 MiB, 23034 MiB, 0 %
2026/10/07 22:12:01.963, 15966 MiB, 23034 MiB, 0 %
2026/10/07 22:12:03.964, 15966 MiB, 23034 MiB, 0 %
2026/10/07 22:12:05.965, 15966 MiB, 23034 MiB, 0 %
2026/10/07 22:12:07.966, 15966 MiB, 23034 MiB, 0 %
2026/10/07 22:12:09.966, 15966 MiB, 23034 MiB, 0 %
2026/10/07 22:12:11.967, 15966 MiB, 23034 MiB, 0 %
2026/10/07 22:12:13.968, 15966 MiB, 23034 MiB, 0 %
2026/10/07 22:12:15.969, 15966 MiB, 23034 MiB, 0 %
2026/10/07 22:12:17.970, 15966 MiB, 23034 MiB, 0 %
2026/10/07 22:12:19.971, 15966 MiB, 23034 MiB, 0 %
2026/10/07 22:12:21.971, 15966 MiB, 23034 MiB, 0 %
2026/10/07 22:12:23.973, 15966 MiB, 23034 MiB, 0 %
2026/10/07 22:12:25.973, 15966 MiB, 23034 MiB, 0 %
2026/10/07 22:12:27.974, 15966 MiB, 23034 MiB, 0 %
2026/10/07 22:12:29.975, 15966 MiB, 23034 MiB, 0 %
2026/10/07 22:12:31.976, 15966 MiB, 23034 MiB, 0 %
2026/10/07 22:12:33.977, 15966 MiB, 23034 MiB, 0 %
2026/10/07 22:12:35.978, 15966 MiB, 23034 MiB, 0 %
2026/10/07 22:12:37.978, 15966 MiB, 23034 MiB, 0 %
2026/10/07 22:12:39.979, 15966 MiB, 23034 MiB, 0 %
2026/10/07 22:12:41.980, 15966 MiB, 23034 MiB, 0 %
2026/10/07 22:12:43.981, 15966 MiB, 23034 MiB, 0 %
2026/10/07 22:12:45.982, 15966 MiB, 23034 MiB, 0 %
2026/10/07 22:12:47.983, 15966 MiB, 23034 MiB, 0 %
2026/10/07 22:12:49.984, 15966 MiB, 23034 MiB, 0 %
2026/10/07 22:12:51.984, 15966 MiB, 23034 MiB, 0 %
2026/10/07 22:12:53.985, 15966 MiB, 23034 MiB, 0 %
2026/10/07 22:12:55.986, 15966 MiB, 23034 MiB, 0 %
2026/10/07 22:12:57.987, 15966 MiB, 23034 MiB, 0 %
2026/10/07 22:12:59.988, 15966 MiB, 23034 MiB, 0 %
2026/10/07 22:13:01.988, 15966 MiB, 23034 MiB, 0 %
2026/10/07 22:13:03.989, 15966 MiB, 23034 MiB, 0 %
2026/10/07 22:13:05.990, 15966 MiB, 23034 MiB, 0 %
2026/10/07 22:13:07.991, 15966 MiB, 23034 MiB, 0 %
2026/10/07 22:13:09.992, 15966 MiB, 23034 MiB, 0 %
2026/10/07 22:13:11.993, 15966 MiB, 23034 MiB, 0 %
2026/10/07 22:13:13.994, 15966 MiB, 23034 MiB, 0 %
2026/10/07 22:13:15.995, 15966 MiB, 23034 MiB, 0 %
2026/10/07 22:13:17.995, 15966 MiB, 23034 MiB, 0 %
2026/10/07 22:13:19.996, 15966 MiB, 23034 MiB, 0 %
2026/10/07 22:13:21.997, 15966 MiB, 23034 MiB, 0 %
2026/10/07 22:13:23.998, 15966 MiB, 23034 MiB, 0 %
2026/10/07 22:13:25.999, 15966 MiB, 23034 MiB, 0 %
2026/10/07 22:13:28.000, 15966 MiB, 23034 MiB, 0 %
2026/10/07 22:13:30.001, 15966 MiB, 23034 MiB, 0 %
2026/10/07 22:13:32.002, 15966 MiB, 23034 MiB, 0 %
2026/10/07 22:13:34.003, 15966 MiB, 23034 MiB, 0 %
2026/10/07 22:13:36.004, 15966 MiB, 23034 MiB, 0 %
2026/10/07 22:13:38.005, 15966 MiB, 23034 MiB, 0 %
2026/10/07 22:13:40.005, 15966 MiB, 23034 MiB, 0 %
2026/10/07 22:13:42.006, 15966 MiB, 23034 MiB, 0 %
2026/10/07 22:13:44.007, 15966 MiB, 23034 MiB, 0 %
2026/10/07 22:13:46.008, 15966 MiB, 23034 MiB, 0 %
2026/10/07 22:13:48.009, 15966 MiB, 23034 MiB, 0 %
2026/10/07 22:13:50.010, 15966 MiB, 23034 MiB, 0 %
2026/10/07 22:13:52.011, 15966 MiB, 23034 MiB, 0 %
2026/10/07 22:13:54.012, 15966 MiB, 23034 MiB, 0 %
2026/10/07 22:13:56.012, 15966 MiB, 23034 MiB, 0 %
2026/10/07 22:13:58.013, 15966 MiB, 23034 MiB, 0 %
2026/10/07 22:14:00.013, 15966 MiB, 23034 MiB, 0 %
2026/10/07 22:14:02.014, 15966 MiB, 23034 MiB, 0 %
2026/10/07 22:14:04.015, 15966 MiB, 23034 MiB, 0 %
2026/10/07 22:14:06.016, 15966 MiB, 23034 MiB, 0 %
2026/10/07 22:14:08.016, 15966 MiB, 23034 MiB, 0 %
2026/10/07 22:14:10.017, 15966 MiB, 23034 MiB, 0 %
2026/10/07 22:14:12.018, 15966 MiB, 23034 MiB, 0 %
2026/10/07 22:14:14.019, 15966 MiB, 23034 MiB, 0 %
2026/10/07 22:14:16.020, 15966 MiB, 23034 MiB, 0 %
2026/10/07 22:14:18.021, 15966 MiB, 23034 MiB, 0 %
2026/10/07 22:14:20.022, 15966 MiB, 23034 MiB, 0 %
2026/10/07 22:14:22.023, 15966 MiB, 23034 MiB, 0 %
2026/10/07 22:14:24.023, 15966 MiB, 23034 MiB, 0 %
2026/10/07 22:14:26.025, 15966 MiB, 23034 MiB, 0 %
2026/10/07 22:14:28.026, 15966 MiB, 23034 MiB, 0 %
2026/10/07 22:14:30.027, 15966 MiB, 23034 MiB, 0 %
2026/10/07 22:14:32.028, 15966 MiB, 23034 MiB, 0 %
2026/10/07 22:14:34.029, 15966 MiB, 23034 MiB, 0 %
2026/10/07 22:14:36.030, 15966 MiB, 23034 MiB, 0 %
2026/10/07 22:14:38.030, 15966 MiB, 23034 MiB, 0 %
2026/10/07 22:14:40.031, 15966 MiB, 23034 MiB, 0 %
2026/10/07 22:14:42.032, 15966 MiB, 23034 MiB, 0 %
2026/10/07 22:14:44.033, 15966 MiB, 23034 MiB, 0 %
2026/10/07 22:14:46.034, 15966 MiB, 23034 MiB, 0 %
2026/10/07 22:14:48.034, 15966 MiB, 23034 MiB, 0 %
2026/10/07 22:14:50.035, 15966 MiB, 23034 MiB, 0 %
2026/10/07 22:14:52.036, 15966 MiB, 23034 MiB, 0 %
2026/10/07 22:14:54.037, 15966 MiB, 23034 MiB, 0 %
2026/10/07 22:14:56.038, 15966 MiB, 23034 MiB, 0 %
2026/10/07 22:14:58.039, 15966 MiB, 23034 MiB, 0 %
2026/10/07 22:15:00.039, 15966 MiB, 23034 MiB, 0 %
2026/10/07 22:15:02.040, 15966 MiB, 23034 MiB, 0 %
2026/10/07 22:15:04.041, 15966 MiB, 23034 MiB, 0 %
2026/10/07 22:15:06.042, 15966 MiB, 23034 MiB, 0 %
2026/10/07 22:15:08.043, 15966 MiB, 23034 MiB, 0 %
2026/10/07 22:15:10.044, 15966 MiB, 23034 MiB, 0 %
2026/10/07 22:15:12.045, 15966 MiB, 23034 MiB, 0 %
2026/10/07 22:15:14.046, 15966 MiB, 23034 MiB, 0 %
2026/10/07 22:15:16.046, 15966 MiB, 23034 MiB, 0 %
2026/10/07 22:15:18.047, 15966 MiB, 23034 MiB, 0 %
2026/10/07 22:15:20.048, 15966 MiB, 23034 MiB, 0 %
2026/10/07 22:15:22.049, 15966 MiB, 23034 MiB, 0 %
2026/10/07 22:15:24.050, 15966 MiB, 23034 MiB, 0 %
2026/10/07 22:15:26.051, 15966 MiB, 23034 MiB, 0 %
2026/10/07 22:15:28.052, 15966 MiB, 23034 MiB, 0 %
2026/10/07 22:15:30.053, 15966 MiB, 23034 MiB, 0 %
2026/10/07 22:15:32.054, 15966 MiB, 23034 MiB, 0 %
2026/10/07 22:15:34.055, 15966 MiB, 23034 MiB, 0 %
2026/10/07 22:15:36.056, 15966 MiB, 23034 MiB, 0 %
2026/10/07 22:15:38.057, 15966 MiB, 23034 MiB, 0 %
2026/10/07 22:15:40.057, 15966 MiB, 23034 MiB, 0 %
2026/10/07 22:15:42.058, 15966 MiB, 23034 MiB, 0 %
2026/10/07 22:15:44.059, 15966 MiB, 23034 MiB, 0 %
2026/10/07 22:15:46.060, 15966 MiB, 23034 MiB, 0 %
2026/10/07 22:15:48.061, 15966 MiB, 23034 MiB, 0 %
2026/10/07 22:15:50.062, 15966 MiB, 23034 MiB, 0 %
2026/10/07 22:15:52.063, 15966 MiB, 23034 MiB, 0 %
2026/10/07 22:15:54.064, 15966 MiB, 23034 MiB, 0 %
2026/10/07 22:15:56.064, 15966 MiB, 23034 MiB, 0 %
2026/10/07 22:15:58.065, 15966 MiB, 23034 MiB, 0 %
2026/10/07 22:16:00.066, 15966 MiB, 23034 MiB, 0 %
2026/10/07 22:16:02.067, 15966 MiB, 23034 MiB, 0 %
2026/10/07 22:16:04.068, 15966 MiB, 23034 MiB, 0 %
2026/10/07 22:16:06.069, 15966 MiB, 23034 MiB, 0 %
2026/10/07 22:16:08.070, 15966 MiB, 23034 MiB, 0 %
2026/10/07 22:16:10.071, 15966 MiB, 23034 MiB, 0 %
2026/10/07 22:16:12.071, 15966 MiB, 23034 MiB, 0 %
2026/10/07 22:16:14.072, 15966 MiB, 23034 MiB, 0 %
2026/10/07 22:16:16.073, 15966 MiB, 23034 MiB, 0 %
2026/10/07 22:16:18.074, 15966 MiB, 23034 MiB, 0 %
2026/10/07 22:16:20.075, 15966 MiB, 23034 MiB, 0 %
2026/10/07 22:16:22.076, 15966 MiB, 23034 MiB, 0 %
2026/10/07 22:16:24.077, 15966 MiB, 23034 MiB, 0 %
2026/10/07 22:16:26.077, 15966 MiB, 23034 MiB, 0 %
2026/10/07 22:16:28.079, 15966 MiB, 23034 MiB, 0 %
2026/10/07 22:16:30.080, 15966 MiB, 23034 MiB, 0 %
2026/10/07 22:16:32.081, 15966 MiB, 23034 MiB, 0 %
2026/10/07 22:16:34.082, 15966 MiB, 23034 MiB, 0 %
2026/10/07 22:16:36.083, 15966 MiB, 23034 MiB, 0 %
2026/10/07 22:16:38.083, 15966 MiB, 23034 MiB, 0 %
2026/10/07 22:16:40.084, 15966 MiB, 23034 MiB, 0 %
2026/10/07 22:16:42.085, 15966 MiB, 23034 MiB, 0 %
2026/10/07 22:16:44.086, 15966 MiB, 23034 MiB, 0 %
2026/10/07 22:16:46.087, 15966 MiB, 23034 MiB, 0 %
2026/10/07 22:16:48.088, 15966 MiB, 23034 MiB, 0 %
2026/10/07 22:16:50.088, 15966 MiB, 23034 MiB, 0 %
2026/10/07 22:16:52.089, 15966 MiB, 23034 MiB, 0 %
2026/10/07 22:16:54.090, 15966 MiB, 23034 MiB, 0 %
2026/10/07 22:16:56.090, 15966 MiB, 23034 MiB, 0 %
2026/10/07 22:16:58.091, 15966 MiB, 23034 MiB, 0 %
2026/10/07 22:17:00.092, 15966 MiB, 23034 MiB, 0 %
2026/10/07 22:17:02.093, 15966 MiB, 23034 MiB, 0 %
2026/10/07 22:17:04.094, 15966 MiB, 23034 MiB, 0 %
2026/10/07 22:17:06.095, 15966 MiB, 23034 MiB, 0 %
2026/10/07 22:17:08.095, 15966 MiB, 23034 MiB, 0 %
2026/10/07 22:17:10.096, 15966 MiB, 23034 MiB, 0 %
2026/10/07 22:17:12.097, 15966 MiB, 23034 MiB, 0 %
2026/10/07 22:17:14.098, 15966 MiB, 23034 MiB, 0 %
2026/10/07 22:17:16.099, 15966 MiB, 23034 MiB, 0 %
2026/10/07 22:17:18.100, 15966 MiB, 23034 MiB, 0 %
2026/10/07 22:17:20.100, 15966 MiB, 23034 MiB, 0 %
2026/10/07 22:17:22.101, 15966 MiB, 23034 MiB, 0 %
2026/10/07 22:17:24.102, 15966 MiB, 23034 MiB, 0 %
2026/10/07 22:17:26.103, 15966 MiB, 23034 MiB, 0 %
2026/10/07 22:17:28.104, 15966 MiB, 23034 MiB, 0 %
2026/10/07 22:17:30.105, 15966 MiB, 23034 MiB, 0 %
2026/10/07 22:17:32.106, 15966 MiB, 23034 MiB, 0 %
2026/10/07 22:17:34.107, 15966 MiB, 23034 MiB, 0 %
2026/10/07 22:17:36.107, 15966 MiB, 23034 MiB, 0 %
2026/10/07 22:17:38.108, 15966 MiB, 23034 MiB, 0 %
2026/10/07 22:17:40.109, 15966 MiB, 23034 MiB, 0 %
2026/10/07 22:17:42.110, 15966 MiB, 23034 MiB, 0 %
2026/10/07 22:17:44.111, 15966 MiB, 23034 MiB, 0 %
2026/10/07 22:17:46.112, 15966 MiB, 23034 MiB, 0 %
2026/10/07 22:17:48.112, 15966 MiB, 23034 MiB, 0 %
2026/10/07 22:17:50.115, 15966 MiB, 23034 MiB, 0 %
2026/10/07 22:17:52.116, 15966 MiB, 23034 MiB, 0 %
2026/10/07 22:17:54.117, 15966 MiB, 23034 MiB, 0 %
2026/10/07 22:17:56.118, 15966 MiB, 23034 MiB, 0 %
2026/10/07 22:17:58.118, 15966 MiB, 23034 MiB, 0 %
2026/10/07 22:18:00.119, 15966 MiB, 23034 MiB, 0 %
2026/10/07 22:18:02.120, 15966 MiB, 23034 MiB, 0 %
2026/10/07 22:18:04.121, 15966 MiB, 23034 MiB, 0 %
2026/10/07 22:18:06.122, 15966 MiB, 23034 MiB, 0 %
2026/10/07 22:18:08.123, 15966 MiB, 23034 MiB, 0 %
2026/10/07 22:18:10.124, 15966 MiB, 23034 MiB, 0 %
2026/10/07 22:18:12.125, 15966 MiB, 23034 MiB, 0 %
2026/10/07 22:18:14.125, 15966 MiB, 23034 MiB, 0 %
2026/10/07 22:18:16.126, 15966 MiB, 23034 MiB, 0 %
2026/10/07 22:18:18.127, 15966 MiB, 23034 MiB, 0 %
2026/10/07 22:18:20.128, 15966 MiB, 23034 MiB, 0 %
2026/10/07 22:18:22.129, 15966 MiB, 23034 MiB, 0 %
2026/10/07 22:18:24.129, 15966 MiB, 23034 MiB, 0 %
2026/10/07 22:18:26.130, 15966 MiB, 23034 MiB, 0 %
2026/10/07 22:18:28.131, 15966 MiB, 23034 MiB, 0 %
2026/10/07 22:18:30.132, 15966 MiB, 23034 MiB, 0 %
2026/10/07 22:18:32.135, 15966 MiB, 23034 MiB, 0 %
2026/10/07 22:18:34.136, 15966 MiB, 23034 MiB, 0 %
2026/10/07 22:18:36.137, 15966 MiB, 23034 MiB, 0 %
2026/10/07 22:18:38.138, 15966 MiB, 23034 MiB, 0 %
2026/10/07 22:18:40.138, 15966 MiB, 23034 MiB, 0 %
2026/10/07 22:18:42.139, 15966 MiB, 23034 MiB, 0 %
2026/10/07 22:18:44.140, 15966 MiB, 23034 MiB, 0 %
2026/10/07 22:18:46.141, 15966 MiB, 23034 MiB, 0 %
2026/10/07 22:18:48.142, 15966 MiB, 23034 MiB, 0 %
2026/10/07 22:18:50.143, 15966 MiB, 23034 MiB, 0 %
2026/10/07 22:18:52.144, 15966 MiB, 23034 MiB, 0 %
2026/10/07 22:18:54.145, 15966 MiB, 23034 MiB, 0 %
2026/10/07 22:18:56.146, 15966 MiB, 23034 MiB, 0 %
2026/10/07 22:18:58.147, 15966 MiB, 23034 MiB, 0 %
2026/10/07 22:19:00.148, 15966 MiB, 23034 MiB, 0 %
2026/10/07 22:19:02.148, 15966 MiB, 23034 MiB, 0 %
2026/10/07 22:19:04.149, 15966 MiB, 23034 MiB, 0 %
2026/10/07 22:19:06.150, 15966 MiB, 23034 MiB, 0 %
2026/10/07 22:19:08.151, 15966 MiB, 23034 MiB, 0 %
2026/10/07 22:19:10.152, 15966 MiB, 23034 MiB, 0 %
2026/10/07 22:19:12.153, 15966 MiB, 23034 MiB, 0 %
2026/10/07 22:19:14.154, 15966 MiB, 23034 MiB, 0 %
2026/10/07 22:19:16.155, 15966 MiB, 23034 MiB, 0 %
2026/10/07 22:19:18.156, 15966 MiB, 23034 MiB, 0 %
2026/10/07 22:19:20.157, 15966 MiB, 23034 MiB, 0 %
2026/10/07 22:19:22.158, 15966 MiB, 23034 MiB, 0 %
2026/10/07 22:19:24.158, 15966 MiB, 23034 MiB, 0 %
2026/10/07 22:19:26.159, 15966 MiB, 23034 MiB, 0 %
2026/10/07 22:19:28.160, 15966 MiB, 23034 MiB, 0 %
2026/10/07 22:19:30.161, 15966 MiB, 23034 MiB, 0 %
2026/10/07 22:19:32.162, 15966 MiB, 23034 MiB, 0 %
2026/10/07 22:19:34.163, 15966 MiB, 23034 MiB, 0 %
2026/10/07 22:19:36.164, 15966 MiB, 23034 MiB, 0 %
2026/10/07 22:19:38.165, 15966 MiB, 23034 MiB, 0 %
2026/10/07 22:19:40.166, 15966 MiB, 23034 MiB, 0 %
2026/10/07 22:19:42.167, 15966 MiB, 23034 MiB, 0 %
2026/10/07 22:19:44.167, 15966 MiB, 23034 MiB, 0 %
2026/10/07 22:19:46.168, 15966 MiB, 23034 MiB, 0 %
2026/10/07 22:19:48.169, 15966 MiB, 23034 MiB, 0 %
2026/10/07 22:19:50.170, 15966 MiB, 23034 MiB, 0 %
2026/10/07 22:19:52.170, 15966 MiB, 23034 MiB, 0 %
2026/10/07 22:19:54.171, 15966 MiB, 23034 MiB, 0 %
2026/10/07 22:19:56.172, 15966 MiB, 23034 MiB, 0 %
2026/10/07 22:19:58.173, 15966 MiB, 23034 MiB, 0 %
2026/10/07 22:20:00.174, 15966 MiB, 23034 MiB, 0 %
2026/10/07 22:20:02.175, 15966 MiB, 23034 MiB, 0 %
2026/10/07 22:20:04.176, 15966 MiB, 23034 MiB, 0 %
2026/10/07 22:20:06.177, 15966 MiB, 23034 MiB, 0 %
2026/10/07 22:20:08.177, 15966 MiB, 23034 MiB, 0 %
2026/10/07 22:20:10.178, 15966 MiB, 23034 MiB, 0 %
2026/10/07 22:20:12.179, 15966 MiB, 23034 MiB, 0 %
2026/10/07 22:20:14.180, 15966 MiB, 23034 MiB, 0 %
2026/10/07 22:20:16.181, 15966 MiB, 23034 MiB, 0 %
2026/10/07 22:20:18.182, 15966 MiB, 23034 MiB, 0 %
2026/10/07 22:20:20.182, 15966 MiB, 23034 MiB, 0 %
2026/10/07 22:20:22.183, 15966 MiB, 23034 MiB, 0 %
2026/10/07 22:20:24.184, 15966 MiB, 23034 MiB, 0 %
2026/10/07 22:20:26.185, 15966 MiB, 23034 MiB, 0 %
2026/10/07 22:20:28.186, 15966 MiB, 23034 MiB, 0 %
2026/10/07 22:20:30.187, 15966 MiB, 23034 MiB, 0 %
2026/10/07 22:20:32.188, 15966 MiB, 23034 MiB, 0 %
2026/10/07 22:20:34.189, 15966 MiB, 23034 MiB, 0 %
2026/10/07 22:20:36.189, 15966 MiB, 23034 MiB, 0 %
2026/10/07 22:20:38.190, 15966 MiB, 23034 MiB, 0 %
2026/10/07 22:20:40.191, 15966 MiB, 23034 MiB, 0 %
2026/10/07 22:20:42.192, 15966 MiB, 23034 MiB, 0 %
2026/10/07 22:20:44.193, 15966 MiB, 23034 MiB, 0 %
2026/10/07 22:20:46.194, 15966 MiB, 23034 MiB, 0 %
2026/10/07 22:20:48.195, 15966 MiB, 23034 MiB, 0 %
2026/10/07 22:20:50.196, 15966 MiB, 23034 MiB, 0 %
2026/10/07 22:20:52.197, 15966 MiB, 23034 MiB, 0 %
2026/10/07 22:20:54.197, 15966 MiB, 23034 MiB, 0 %
2026/10/07 22:20:56.198, 15966 MiB, 23034 MiB, 0 %
2026/10/07 22:20:58.199, 15966 MiB, 23034 MiB, 0 %
2026/10/07 22:21:00.200, 15966 MiB, 23034 MiB, 0 %
2026/10/07 22:21:02.201, 15966 MiB, 23034 MiB, 0 %
2026/10/07 22:21:04.202, 15966 MiB, 23034 MiB, 0 %
2026/10/07 22:21:06.202, 15966 MiB, 23034 MiB, 0 %
2026/10/07 22:21:08.203, 15966 MiB, 23034 MiB, 0 %
2026/10/07 22:21:10.204, 15966 MiB, 23034 MiB, 0 %
2026/10/07 22:21:12.205, 15966 MiB, 23034 MiB, 0 %
2026/10/07 22:21:14.206, 15966 MiB, 23034 MiB, 0 %
2026/10/07 22:21:16.207, 15966 MiB, 23034 MiB, 0 %
2026/10/07 22:21:18.208, 15966 MiB, 23034 MiB, 0 %
2026/10/07 22:21:20.208, 15966 MiB, 23034 MiB, 0 %
2026/10/07 22:21:22.209, 15966 MiB, 23034 MiB, 0 %
2026/10/07 22:21:24.210, 15966 MiB, 23034 MiB, 0 %
2026/10/07 22:21:26.211, 15966 MiB, 23034 MiB, 0 %
2026/10/07 22:21:28.212, 15966 MiB, 23034 MiB, 0 %
2026/10/07 22:21:30.213, 15966 MiB, 23034 MiB, 0 %
2026/10/07 22:21:32.213, 15966 MiB, 23034 MiB, 0 %
2026/10/07 22:21:34.214, 15966 MiB, 23034 MiB, 0 %
2026/10/07 22:21:36.217, 15966 MiB, 23034 MiB, 0 %
2026/10/07 22:21:38.218, 15966 MiB, 23034 MiB, 0 %
2026/10/07 22:21:40.218, 15966 MiB, 23034 MiB, 0 %
2026/10/07 22:21:42.219, 15966 MiB, 23034 MiB, 0 %
2026/10/07 22:21:44.220, 15966 MiB, 23034 MiB, 0 %
2026/10/07 22:21:46.221, 15966 MiB, 23034 MiB, 0 %
2026/10/07 22:21:48.222, 15966 MiB, 23034 MiB, 0 %
2026/10/07 22:21:50.223, 15966 MiB, 23034 MiB, 0 %
2026/10/07 22:21:52.224, 15966 MiB, 23034 MiB, 0 %
2026/10/07 22:21:54.225, 15966 MiB, 23034 MiB, 0 %
2026/10/07 22:21:56.226, 15966 MiB, 23034 MiB, 0 %
2026/10/07 22:21:58.227, 15966 MiB, 23034 MiB, 0 %
2026/10/07 22:22:00.228, 15966 MiB, 23034 MiB, 0 %
2026/10/07 22:22:02.228, 15966 MiB, 23034 MiB, 0 %
2026/10/07 22:22:04.229, 15966 MiB, 23034 MiB, 0 %
2026/10/07 22:22:06.230, 15966 MiB, 23034 MiB, 0 %
2026/10/07 22:22:08.231, 15966 MiB, 23034 MiB, 0 %
2026/10/07 22:22:10.232, 15966 MiB, 23034 MiB, 0 %
2026/10/07 22:22:12.233, 15966 MiB, 23034 MiB, 0 %
2026/10/07 22:22:14.234, 15966 MiB, 23034 MiB, 0 %
2026/10/07 22:22:16.235, 15966 MiB, 23034 MiB, 0 %
2026/10/07 22:22:18.235, 15966 MiB, 23034 MiB, 0 %
2026/10/07 22:22:20.236, 15966 MiB, 23034 MiB, 0 %
2026/10/07 22:22:22.237, 15966 MiB, 23034 MiB, 0 %
2026/10/07 22:22:24.238, 15966 MiB, 23034 MiB, 0 %
2026/10/07 22:22:26.239, 15966 MiB, 23034 MiB, 0 %
2026/10/07 22:22:28.240, 15966 MiB, 23034 MiB, 0 %
2026/10/07 22:22:30.241, 15966 MiB, 23034 MiB, 0 %
2026/10/07 22:22:32.241, 15966 MiB, 23034 MiB, 0 %
2026/10/07 22:22:34.243, 15966 MiB, 23034 MiB, 0 %
2026/10/07 22:22:36.244, 15966 MiB, 23034 MiB, 0 %
2026/10/07 22:22:38.247, 15966 MiB, 23034 MiB, 0 %
2026/10/07 22:22:40.248, 15966 MiB, 23034 MiB, 0 %
2026/10/07 22:22:42.249, 15966 MiB, 23034 MiB, 0 %
2026/10/07 22:22:44.249, 15966 MiB, 23034 MiB, 0 %
2026/10/07 22:22:46.250, 15966 MiB, 23034 MiB, 0 %
2026/10/07 22:22:48.251, 15966 MiB, 23034 MiB, 0 %
2026/10/07 22:22:50.252, 15966 MiB, 23034 MiB, 0 %
2026/10/07 22:22:52.253, 15966 MiB, 23034 MiB, 0 %
2026/10/07 22:22:54.253, 15966 MiB, 23034 MiB, 0 %
2026/10/07 22:22:56.254, 15966 MiB, 23034 MiB, 0 %
2026/10/07 22:22:58.255, 15966 MiB, 23034 MiB, 0 %
2026/10/07 22:23:00.256, 15966 MiB, 23034 MiB, 0 %
2026/10/07 22:23:02.257, 15966 MiB, 23034 MiB, 0 %
2026/10/07 22:23:04.258, 15966 MiB, 23034 MiB, 0 %
2026/10/07 22:23:06.258, 15966 MiB, 23034 MiB, 0 %
2026/10/07 22:23:08.259, 15966 MiB, 23034 MiB, 0 %
2026/10/07 22:23:10.260, 15966 MiB, 23034 MiB, 0 %
2026/10/07 22:23:12.261, 15966 MiB, 23034 MiB, 0 %
2026/10/07 22:23:14.262, 15966 MiB, 23034 MiB, 0 %
2026/10/07 22:23:16.263, 15966 MiB, 23034 MiB, 0 %
2026/10/07 22:23:18.264, 15966 MiB, 23034 MiB, 0 %
2026/10/07 22:23:20.265, 15966 MiB, 23034 MiB, 0 %
2026/10/07 22:23:22.265, 15966 MiB, 23034 MiB, 0 %
2026/10/07 22:23:24.266, 15966 MiB, 23034 MiB, 0 %
2026/10/07 22:23:26.267, 15966 MiB, 23034 MiB, 0 %
2026/10/07 22:23:28.268, 15966 MiB, 23034 MiB, 0 %
2026/10/07 22:23:30.269, 15966 MiB, 23034 MiB, 0 %
2026/10/07 22:23:32.270, 15966 MiB, 23034 MiB, 0 %
2026/10/07 22:23:34.270, 15966 MiB, 23034 MiB, 0 %
2026/10/07 22:23:36.271, 15966 MiB, 23034 MiB, 0 %
2026/10/07 22:23:38.272, 15966 MiB, 23034 MiB, 0 %
2026/10/07 22:23:40.274, 15966 MiB, 23034 MiB, 0 %
2026/10/07 22:23:42.274, 15966 MiB, 23034 MiB, 0 %
2026/10/07 22:23:44.276, 15966 MiB, 23034 MiB, 0 %
2026/10/07 22:23:46.277, 15966 MiB, 23034 MiB, 0 %
2026/10/07 22:23:48.277, 15966 MiB, 23034 MiB, 0 %
2026/10/07 22:23:50.278, 15966 MiB, 23034 MiB, 0 %
2026/10/07 22:23:52.279, 15966 MiB, 23034 MiB, 0 %
2026/10/07 22:23:54.280, 15974 MiB, 23034 MiB, 9 %
2026/10/07 22:23:56.281, 15974 MiB, 23034 MiB, 31 %
2026/10/07 22:23:58.282, 15974 MiB, 23034 MiB, 94 %
2026/10/07 22:24:00.282, 15974 MiB, 23034 MiB, 38 %
2026/10/07 22:24:02.283, 15974 MiB, 23034 MiB, 94 %
2026/10/07 22:24:04.284, 15974 MiB, 23034 MiB, 94 %
2026/10/07 22:24:06.285, 15974 MiB, 23034 MiB, 94 %
2026/10/07 22:24:08.286, 15976 MiB, 23034 MiB, 13 %
2026/10/07 22:24:10.286, 15976 MiB, 23034 MiB, 77 %
2026/10/07 22:24:12.287, 15976 MiB, 23034 MiB, 94 %
2026/10/07 22:24:14.288, 15976 MiB, 23034 MiB, 93 %
2026/10/07 22:24:16.289, 15976 MiB, 23034 MiB, 95 %
2026/10/07 22:24:18.290, 15976 MiB, 23034 MiB, 92 %
2026/10/07 22:24:20.290, 15976 MiB, 23034 MiB, 94 %
2026/10/07 22:24:22.292, 15978 MiB, 23034 MiB, 93 %
2026/10/07 22:24:24.293, 15978 MiB, 23034 MiB, 93 %
2026/10/07 22:24:26.294, 15978 MiB, 23034 MiB, 94 %
2026/10/07 22:24:28.295, 15978 MiB, 23034 MiB, 94 %
2026/10/07 22:24:30.295, 15978 MiB, 23034 MiB, 98 %
2026/10/07 22:24:32.296, 15978 MiB, 23034 MiB, 93 %
2026/10/07 22:24:34.297, 15978 MiB, 23034 MiB, 73 %
2026/10/07 22:24:36.298, 15978 MiB, 23034 MiB, 93 %
2026/10/07 22:24:38.299, 15978 MiB, 23034 MiB, 94 %
2026/10/07 22:24:40.300, 15978 MiB, 23034 MiB, 93 %
2026/10/07 22:24:42.301, 15978 MiB, 23034 MiB, 93 %
2026/10/07 22:24:44.302, 15994 MiB, 23034 MiB, 93 %
2026/10/07 22:24:46.303, 15994 MiB, 23034 MiB, 93 %
2026/10/07 22:24:48.304, 15994 MiB, 23034 MiB, 93 %
2026/10/07 22:24:50.304, 15994 MiB, 23034 MiB, 97 %
2026/10/07 22:24:52.305, 15994 MiB, 23034 MiB, 100 %
2026/10/07 22:24:54.306, 15994 MiB, 23034 MiB, 93 %
2026/10/07 22:24:56.307, 16058 MiB, 23034 MiB, 98 %
2026/10/07 22:24:58.308, 16058 MiB, 23034 MiB, 93 %
2026/10/07 22:25:00.309, 16058 MiB, 23034 MiB, 0 %
2026/10/07 22:25:02.309, 16058 MiB, 23034 MiB, 0 %
2026/10/07 22:25:04.310, 16058 MiB, 23034 MiB, 0 %
2026/10/07 22:25:06.311, 16058 MiB, 23034 MiB, 0 %
2026/10/07 22:25:08.312, 16058 MiB, 23034 MiB, 0 %
2026/10/07 22:25:10.313, 16058 MiB, 23034 MiB, 0 %
2026/10/07 22:25:12.314, 16058 MiB, 23034 MiB, 0 %
2026/10/07 22:25:14.315, 16058 MiB, 23034 MiB, 0 %
2026/10/07 22:25:16.316, 16058 MiB, 23034 MiB, 0 %
2026/10/07 22:25:18.316, 16058 MiB, 23034 MiB, 0 %
2026/10/07 22:25:20.317, 16058 MiB, 23034 MiB, 0 %
2026/10/07 22:25:22.318, 16058 MiB, 23034 MiB, 0 %
2026/10/07 22:25:24.319, 16058 MiB, 23034 MiB, 0 %
2026/10/07 22:25:26.320, 16058 MiB, 23034 MiB, 0 %
2026/10/07 22:25:28.321, 16058 MiB, 23034 MiB, 0 %
2026/10/07 22:25:30.322, 16058 MiB, 23034 MiB, 0 %
2026/10/07 22:25:32.323, 16058 MiB, 23034 MiB, 0 %
2026/10/07 22:25:34.323, 16058 MiB, 23034 MiB, 0 %
2026/10/07 22:25:36.324, 16058 MiB, 23034 MiB, 0 %
2026/10/07 22:25:38.325, 16058 MiB, 23034 MiB, 0 %
2026/10/07 22:25:40.325, 16058 MiB, 23034 MiB, 93 %
2026/10/07 22:25:42.326, 16058 MiB, 23034 MiB, 94 %
2026/10/07 22:25:44.327, 16058 MiB, 23034 MiB, 94 %
2026/10/07 22:25:46.328, 16058 MiB, 23034 MiB, 43 %
2026/10/07 22:25:48.328, 16058 MiB, 23034 MiB, 94 %
2026/10/07 22:25:50.329, 16058 MiB, 23034 MiB, 94 %
2026/10/07 22:25:52.330, 16058 MiB, 23034 MiB, 93 %
2026/10/07 22:25:54.331, 16058 MiB, 23034 MiB, 92 %
2026/10/07 22:25:56.332, 16058 MiB, 23034 MiB, 93 %
2026/10/07 22:25:58.333, 16058 MiB, 23034 MiB, 94 %
2026/10/07 22:26:00.333, 16058 MiB, 23034 MiB, 93 %
2026/10/07 22:26:02.334, 16058 MiB, 23034 MiB, 76 %
2026/10/07 22:26:04.335, 16058 MiB, 23034 MiB, 94 %
2026/10/07 22:26:06.336, 16058 MiB, 23034 MiB, 94 %
2026/10/07 22:26:08.336, 16058 MiB, 23034 MiB, 79 %
2026/10/07 22:26:10.337, 16058 MiB, 23034 MiB, 93 %
2026/10/07 22:26:12.338, 16058 MiB, 23034 MiB, 90 %
2026/10/07 22:26:14.339, 16058 MiB, 23034 MiB, 29 %
2026/10/07 22:26:16.340, 16058 MiB, 23034 MiB, 14 %
2026/10/07 22:26:18.341, 16058 MiB, 23034 MiB, 94 %
2026/10/07 22:26:20.341, 16058 MiB, 23034 MiB, 77 %
2026/10/07 22:26:22.342, 16058 MiB, 23034 MiB, 93 %
2026/10/07 22:26:24.343, 16058 MiB, 23034 MiB, 92 %
2026/10/07 22:26:26.344, 16058 MiB, 23034 MiB, 94 %
2026/10/07 22:26:28.345, 16058 MiB, 23034 MiB, 96 %
2026/10/07 22:26:30.346, 16058 MiB, 23034 MiB, 94 %
2026/10/07 22:26:32.347, 16058 MiB, 23034 MiB, 97 %
2026/10/07 22:26:34.347, 16058 MiB, 23034 MiB, 94 %
2026/10/07 22:26:36.348, 16058 MiB, 23034 MiB, 97 %
2026/10/07 22:26:38.349, 16058 MiB, 23034 MiB, 98 %
2026/10/07 22:26:40.350, 16058 MiB, 23034 MiB, 94 %
2026/10/07 22:26:42.351, 16058 MiB, 23034 MiB, 92 %
2026/10/07 22:26:44.352, 16058 MiB, 23034 MiB, 94 %
2026/10/07 22:26:46.353, 16058 MiB, 23034 MiB, 97 %
2026/10/07 22:26:48.354, 16058 MiB, 23034 MiB, 93 %
2026/10/07 22:26:50.355, 16058 MiB, 23034 MiB, 92 %
2026/10/07 22:26:52.356, 16058 MiB, 23034 MiB, 94 %
2026/10/07 22:26:54.357, 16058 MiB, 23034 MiB, 98 %
2026/10/07 22:26:56.358, 16058 MiB, 23034 MiB, 98 %
2026/10/07 22:26:58.359, 16058 MiB, 23034 MiB, 97 %
2026/10/07 22:27:00.359, 16058 MiB, 23034 MiB, 98 %
2026/10/07 22:27:02.360, 16090 MiB, 23034 MiB, 100 %
2026/10/07 22:27:04.360, 16090 MiB, 23034 MiB, 97 %
2026/10/07 22:27:06.361, 16090 MiB, 23034 MiB, 98 %
2026/10/07 22:27:08.362, 16090 MiB, 23034 MiB, 92 %
2026/10/07 22:27:10.363, 16090 MiB, 23034 MiB, 99 %
2026/10/07 22:27:12.363, 16090 MiB, 23034 MiB, 97 %
2026/10/07 22:27:14.364, 16090 MiB, 23034 MiB, 100 %
2026/10/07 22:27:16.364, 16090 MiB, 23034 MiB, 97 %
2026/10/07 22:27:18.365, 16090 MiB, 23034 MiB, 96 %
2026/10/07 22:27:20.366, 16158 MiB, 23034 MiB, 99 %
2026/10/07 22:27:22.367, 16158 MiB, 23034 MiB, 97 %
2026/10/07 22:27:24.368, 16230 MiB, 23034 MiB, 96 %
2026/10/07 22:27:26.368, 16230 MiB, 23034 MiB, 94 %
2026/10/07 22:27:28.369, 16246 MiB, 23034 MiB, 99 %
2026/10/07 22:27:30.370, 16296 MiB, 23034 MiB, 99 %
2026/10/07 22:27:32.371, 16296 MiB, 23034 MiB, 96 %
2026/10/07 22:27:34.372, 16296 MiB, 23034 MiB, 100 %
2026/10/07 22:27:36.373, 16296 MiB, 23034 MiB, 96 %
2026/10/07 22:27:38.374, 16296 MiB, 23034 MiB, 98 %
2026/10/07 22:27:40.374, 16296 MiB, 23034 MiB, 98 %
2026/10/07 22:27:42.375, 16296 MiB, 23034 MiB, 97 %
2026/10/07 22:27:44.376, 16296 MiB, 23034 MiB, 99 %
2026/10/07 22:27:46.377, 16296 MiB, 23034 MiB, 98 %
2026/10/07 22:27:48.378, 16296 MiB, 23034 MiB, 100 %
2026/10/07 22:27:50.378, 16296 MiB, 23034 MiB, 96 %
2026/10/07 22:27:52.379, 16296 MiB, 23034 MiB, 98 %
2026/10/07 22:27:54.380, 16296 MiB, 23034 MiB, 97 %
2026/10/07 22:27:56.381, 16298 MiB, 23034 MiB, 97 %
2026/10/07 22:27:58.381, 16298 MiB, 23034 MiB, 100 %
2026/10/07 22:28:00.382, 16298 MiB, 23034 MiB, 94 %
2026/10/07 22:28:02.383, 16298 MiB, 23034 MiB, 100 %
2026/10/07 22:28:04.384, 16298 MiB, 23034 MiB, 96 %
2026/10/07 22:28:06.385, 16298 MiB, 23034 MiB, 97 %
2026/10/07 22:28:08.385, 16298 MiB, 23034 MiB, 99 %
2026/10/07 22:28:10.386, 16298 MiB, 23034 MiB, 100 %
2026/10/07 22:28:12.387, 16298 MiB, 23034 MiB, 98 %
2026/10/07 22:28:14.388, 16298 MiB, 23034 MiB, 100 %
2026/10/07 22:28:16.388, 16298 MiB, 23034 MiB, 0 %
2026/10/07 22:28:18.389, 16298 MiB, 23034 MiB, 0 %
2026/10/07 22:28:20.390, 16298 MiB, 23034 MiB, 0 %
2026/10/07 22:28:22.390, 13345 MiB, 23034 MiB, 0 %
2026/10/07 22:28:24.391, 13345 MiB, 23034 MiB, 0 %
2026/10/07 22:28:26.392, 13345 MiB, 23034 MiB, 0 %
2026/10/07 22:28:28.393, 13345 MiB, 23034 MiB, 0 %
2026/10/07 22:28:30.394, 13345 MiB, 23034 MiB, 0 %
2026/10/07 22:28:32.394, 13345 MiB, 23034 MiB, 0 %
2026/10/07 22:28:34.395, 13345 MiB, 23034 MiB, 0 %
2026/10/07 22:28:36.396, 13345 MiB, 23034 MiB, 0 %
2026/10/07 22:28:38.399, 13345 MiB, 23034 MiB, 0 %
2026/10/07 22:28:40.400, 13359 MiB, 23034 MiB, 0 %
2026/10/07 22:28:42.412, 14696 MiB, 23034 MiB, 0 %
2026/10/07 22:28:44.413, 15764 MiB, 23034 MiB, 0 %
2026/10/07 22:28:46.416, 15764 MiB, 23034 MiB, 0 %
2026/10/07 22:28:48.417, 15808 MiB, 23034 MiB, 0 %
2026/10/07 22:28:50.418, 16868 MiB, 23034 MiB, 100 %
2026/10/07 22:28:52.419, 17148 MiB, 23034 MiB, 100 %
2026/10/07 22:28:54.419, 17278 MiB, 23034 MiB, 78 %
2026/10/07 22:28:56.420, 17418 MiB, 23034 MiB, 73 %
2026/10/07 22:28:58.421, 17418 MiB, 23034 MiB, 100 %
2026/10/07 22:29:00.421, 17418 MiB, 23034 MiB, 100 %
2026/10/07 22:29:02.422, 17418 MiB, 23034 MiB, 100 %
2026/10/07 22:29:04.423, 17418 MiB, 23034 MiB, 95 %
2026/10/07 22:29:06.424, 17418 MiB, 23034 MiB, 81 %
2026/10/07 22:29:08.424, 17418 MiB, 23034 MiB, 100 %
2026/10/07 22:29:10.425, 17418 MiB, 23034 MiB, 82 %
2026/10/07 22:29:12.426, 17418 MiB, 23034 MiB, 100 %
2026/10/07 22:29:14.426, 17418 MiB, 23034 MiB, 98 %
2026/10/07 22:29:16.427, 17418 MiB, 23034 MiB, 80 %
2026/10/07 22:29:18.428, 17418 MiB, 23034 MiB, 80 %
2026/10/07 22:29:20.429, 17418 MiB, 23034 MiB, 100 %
2026/10/07 22:29:22.430, 17418 MiB, 23034 MiB, 100 %
2026/10/07 22:29:24.430, 17418 MiB, 23034 MiB, 79 %
2026/10/07 22:29:26.431, 17418 MiB, 23034 MiB, 79 %
2026/10/07 22:29:28.432, 17418 MiB, 23034 MiB, 100 %
2026/10/07 22:29:30.433, 17418 MiB, 23034 MiB, 100 %
2026/10/07 22:29:32.434, 17418 MiB, 23034 MiB, 100 %
2026/10/07 22:29:34.434, 17418 MiB, 23034 MiB, 86 %
2026/10/07 22:29:36.435, 17418 MiB, 23034 MiB, 100 %
2026/10/07 22:29:38.436, 17418 MiB, 23034 MiB, 100 %
2026/10/07 22:29:40.436, 17418 MiB, 23034 MiB, 100 %
2026/10/07 22:29:42.437, 17418 MiB, 23034 MiB, 100 %
2026/10/07 22:29:44.438, 17418 MiB, 23034 MiB, 83 %
2026/10/07 22:29:46.439, 17418 MiB, 23034 MiB, 100 %
2026/10/07 22:29:48.441, 17418 MiB, 23034 MiB, 100 %
2026/10/07 22:29:50.442, 17418 MiB, 23034 MiB, 81 %
2026/10/07 22:29:52.443, 17418 MiB, 23034 MiB, 100 %
2026/10/07 22:29:54.444, 17418 MiB, 23034 MiB, 100 %
2026/10/07 22:29:56.445, 17418 MiB, 23034 MiB, 100 %
2026/10/07 22:29:58.445, 17418 MiB, 23034 MiB, 84 %
2026/10/07 22:30:00.446, 17418 MiB, 23034 MiB, 82 %
2026/10/07 22:30:02.447, 17418 MiB, 23034 MiB, 100 %
2026/10/07 22:30:04.448, 17418 MiB, 23034 MiB, 100 %
2026/10/07 22:30:06.448, 17418 MiB, 23034 MiB, 83 %
2026/10/07 22:30:08.449, 17418 MiB, 23034 MiB, 84 %
2026/10/07 22:30:10.449, 17418 MiB, 23034 MiB, 100 %
2026/10/07 22:30:12.450, 17418 MiB, 23034 MiB, 85 %
2026/10/07 22:30:14.451, 17418 MiB, 23034 MiB, 100 %
2026/10/07 22:30:16.452, 17418 MiB, 23034 MiB, 100 %
2026/10/07 22:30:18.453, 17418 MiB, 23034 MiB, 83 %
2026/10/07 22:30:20.454, 17418 MiB, 23034 MiB, 84 %
2026/10/07 22:30:22.454, 17418 MiB, 23034 MiB, 98 %
2026/10/07 22:30:24.455, 17418 MiB, 23034 MiB, 100 %
2026/10/07 22:30:26.457, 17418 MiB, 23034 MiB, 86 %
2026/10/07 22:30:28.458, 17418 MiB, 23034 MiB, 85 %
2026/10/07 22:30:30.458, 17418 MiB, 23034 MiB, 100 %
2026/10/07 22:30:32.458, 17418 MiB, 23034 MiB, 86 %
2026/10/07 22:30:34.458, 17418 MiB, 23034 MiB, 100 %
2026/10/07 22:30:36.459, 17418 MiB, 23034 MiB, 86 %
2026/10/07 22:30:38.459, 17418 MiB, 23034 MiB, 100 %
2026/10/07 22:30:40.460, 17418 MiB, 23034 MiB, 85 %
2026/10/07 22:30:42.461, 17418 MiB, 23034 MiB, 97 %
2026/10/07 22:30:44.462, 17418 MiB, 23034 MiB, 100 %
2026/10/07 22:30:46.463, 17418 MiB, 23034 MiB, 86 %
2026/10/07 22:30:48.464, 17418 MiB, 23034 MiB, 100 %
2026/10/07 22:30:50.465, 17418 MiB, 23034 MiB, 100 %
2026/10/07 22:30:52.466, 17418 MiB, 23034 MiB, 100 %
2026/10/07 22:30:54.467, 17418 MiB, 23034 MiB, 100 %
2026/10/07 22:30:56.468, 17418 MiB, 23034 MiB, 100 %
2026/10/07 22:30:58.469, 17418 MiB, 23034 MiB, 85 %
2026/10/07 22:31:00.469, 17418 MiB, 23034 MiB, 86 %
2026/10/07 22:31:02.470, 17418 MiB, 23034 MiB, 85 %
2026/10/07 22:31:04.471, 17418 MiB, 23034 MiB, 100 %
2026/10/07 22:31:06.472, 17418 MiB, 23034 MiB, 100 %
2026/10/07 22:31:08.473, 17418 MiB, 23034 MiB, 100 %
2026/10/07 22:31:10.474, 17418 MiB, 23034 MiB, 86 %
2026/10/07 22:31:12.474, 17418 MiB, 23034 MiB, 86 %
2026/10/07 22:31:14.475, 17418 MiB, 23034 MiB, 85 %
2026/10/07 22:31:16.476, 17418 MiB, 23034 MiB, 86 %
2026/10/07 22:31:18.477, 17418 MiB, 23034 MiB, 85 %
2026/10/07 22:31:20.478, 17418 MiB, 23034 MiB, 86 %
2026/10/07 22:31:22.478, 17418 MiB, 23034 MiB, 100 %
2026/10/07 22:31:24.479, 17418 MiB, 23034 MiB, 100 %
2026/10/07 22:31:26.480, 17418 MiB, 23034 MiB, 100 %
2026/10/07 22:31:28.481, 17418 MiB, 23034 MiB, 100 %
2026/10/07 22:31:30.482, 17418 MiB, 23034 MiB, 100 %
2026/10/07 22:31:32.482, 17418 MiB, 23034 MiB, 98 %
2026/10/07 22:31:34.483, 17418 MiB, 23034 MiB, 85 %
2026/10/07 22:31:36.484, 17418 MiB, 23034 MiB, 100 %
2026/10/07 22:31:38.485, 17418 MiB, 23034 MiB, 100 %
2026/10/07 22:31:40.485, 17418 MiB, 23034 MiB, 87 %
2026/10/07 22:31:42.486, 17418 MiB, 23034 MiB, 86 %
2026/10/07 22:31:44.487, 17418 MiB, 23034 MiB, 100 %
2026/10/07 22:31:46.488, 17418 MiB, 23034 MiB, 95 %
2026/10/07 22:31:48.489, 17418 MiB, 23034 MiB, 85 %
2026/10/07 22:31:50.490, 17418 MiB, 23034 MiB, 100 %
2026/10/07 22:31:52.491, 17418 MiB, 23034 MiB, 100 %
2026/10/07 22:31:54.492, 17418 MiB, 23034 MiB, 85 %
2026/10/07 22:31:56.493, 17418 MiB, 23034 MiB, 93 %
2026/10/07 22:31:58.494, 17418 MiB, 23034 MiB, 84 %
2026/10/07 22:32:00.495, 17418 MiB, 23034 MiB, 83 %
2026/10/07 22:32:02.495, 17418 MiB, 23034 MiB, 100 %
2026/10/07 22:32:04.496, 17418 MiB, 23034 MiB, 89 %
2026/10/07 22:32:06.497, 17418 MiB, 23034 MiB, 96 %
2026/10/07 22:32:08.498, 17418 MiB, 23034 MiB, 100 %
2026/10/07 22:32:10.499, 17418 MiB, 23034 MiB, 83 %
2026/10/07 22:32:12.500, 17418 MiB, 23034 MiB, 84 %
2026/10/07 22:32:14.500, 17418 MiB, 23034 MiB, 81 %
2026/10/07 22:32:16.501, 17418 MiB, 23034 MiB, 100 %
2026/10/07 22:32:18.502, 17418 MiB, 23034 MiB, 80 %
2026/10/07 22:32:20.502, 17418 MiB, 23034 MiB, 83 %
2026/10/07 22:32:22.503, 17418 MiB, 23034 MiB, 100 %
2026/10/07 22:32:24.504, 17418 MiB, 23034 MiB, 100 %
2026/10/07 22:32:26.505, 17418 MiB, 23034 MiB, 83 %
2026/10/07 22:32:28.506, 17418 MiB, 23034 MiB, 83 %
2026/10/07 22:32:30.507, 17418 MiB, 23034 MiB, 77 %
2026/10/07 22:32:32.507, 17418 MiB, 23034 MiB, 82 %
2026/10/07 22:32:34.508, 17418 MiB, 23034 MiB, 82 %
2026/10/07 22:32:36.509, 17418 MiB, 23034 MiB, 100 %
2026/10/07 22:32:38.509, 17418 MiB, 23034 MiB, 100 %
2026/10/07 22:32:40.510, 17418 MiB, 23034 MiB, 100 %
2026/10/07 22:32:42.513, 17418 MiB, 23034 MiB, 83 %
2026/10/07 22:32:44.514, 17418 MiB, 23034 MiB, 83 %
2026/10/07 22:32:46.515, 17418 MiB, 23034 MiB, 81 %
2026/10/07 22:32:48.516, 17418 MiB, 23034 MiB, 82 %
2026/10/07 22:32:50.517, 17418 MiB, 23034 MiB, 83 %
2026/10/07 22:32:52.519, 17418 MiB, 23034 MiB, 84 %
2026/10/07 22:32:54.520, 17418 MiB, 23034 MiB, 100 %
2026/10/07 22:32:56.521, 17418 MiB, 23034 MiB, 84 %
2026/10/07 22:32:58.522, 17418 MiB, 23034 MiB, 83 %
2026/10/07 22:33:00.522, 17418 MiB, 23034 MiB, 84 %
2026/10/07 22:33:02.523, 17418 MiB, 23034 MiB, 100 %
2026/10/07 22:33:04.524, 17418 MiB, 23034 MiB, 100 %
2026/10/07 22:33:06.525, 17418 MiB, 23034 MiB, 100 %
2026/10/07 22:33:08.525, 17418 MiB, 23034 MiB, 100 %
2026/10/07 22:33:10.526, 17418 MiB, 23034 MiB, 85 %
2026/10/07 22:33:12.527, 17418 MiB, 23034 MiB, 83 %
2026/10/07 22:33:14.528, 17418 MiB, 23034 MiB, 86 %
2026/10/07 22:33:16.529, 17418 MiB, 23034 MiB, 100 %
2026/10/07 22:33:18.529, 17418 MiB, 23034 MiB, 100 %
2026/10/07 22:33:20.530, 17418 MiB, 23034 MiB, 83 %
2026/10/07 22:33:22.532, 17418 MiB, 23034 MiB, 85 %
2026/10/07 22:33:24.533, 17418 MiB, 23034 MiB, 100 %
2026/10/07 22:33:26.533, 17418 MiB, 23034 MiB, 84 %
2026/10/07 22:33:28.534, 17418 MiB, 23034 MiB, 100 %
2026/10/07 22:33:30.535, 17418 MiB, 23034 MiB, 100 %
2026/10/07 22:33:32.536, 17418 MiB, 23034 MiB, 100 %
2026/10/07 22:33:34.538, 17418 MiB, 23034 MiB, 100 %
2026/10/07 22:33:36.539, 17418 MiB, 23034 MiB, 100 %
2026/10/07 22:33:38.540, 17418 MiB, 23034 MiB, 100 %
2026/10/07 22:33:40.541, 17418 MiB, 23034 MiB, 100 %
2026/10/07 22:33:42.542, 17418 MiB, 23034 MiB, 100 %
2026/10/07 22:33:44.542, 17418 MiB, 23034 MiB, 91 %
2026/10/07 22:33:46.543, 17418 MiB, 23034 MiB, 82 %
2026/10/07 22:33:48.544, 17418 MiB, 23034 MiB, 85 %
2026/10/07 22:33:50.545, 17418 MiB, 23034 MiB, 85 %
2026/10/07 22:33:52.546, 17418 MiB, 23034 MiB, 100 %
2026/10/07 22:33:54.548, 17418 MiB, 23034 MiB, 100 %
2026/10/07 22:33:56.548, 17418 MiB, 23034 MiB, 100 %
2026/10/07 22:33:58.549, 17418 MiB, 23034 MiB, 94 %
2026/10/07 22:34:00.550, 17418 MiB, 23034 MiB, 100 %
2026/10/07 22:34:02.551, 17418 MiB, 23034 MiB, 85 %
2026/10/07 22:34:04.552, 17418 MiB, 23034 MiB, 86 %
2026/10/07 22:34:06.553, 17418 MiB, 23034 MiB, 100 %
2026/10/07 22:34:08.553, 17418 MiB, 23034 MiB, 100 %
2026/10/07 22:34:10.554, 17418 MiB, 23034 MiB, 76 %
2026/10/07 22:34:12.555, 17418 MiB, 23034 MiB, 87 %
2026/10/07 22:34:14.556, 17418 MiB, 23034 MiB, 84 %
2026/10/07 22:34:16.557, 17418 MiB, 23034 MiB, 85 %
2026/10/07 22:34:18.558, 17418 MiB, 23034 MiB, 100 %
2026/10/07 22:34:20.559, 17418 MiB, 23034 MiB, 86 %
2026/10/07 22:34:22.559, 17418 MiB, 23034 MiB, 85 %
2026/10/07 22:34:24.560, 17418 MiB, 23034 MiB, 85 %
2026/10/07 22:34:26.561, 17418 MiB, 23034 MiB, 100 %
2026/10/07 22:34:28.562, 17418 MiB, 23034 MiB, 0 %
2026/10/07 22:34:30.563, 17418 MiB, 23034 MiB, 86 %
2026/10/07 22:34:32.564, 17418 MiB, 23034 MiB, 88 %
2026/10/07 22:34:34.564, 17418 MiB, 23034 MiB, 84 %
2026/10/07 22:34:36.565, 17418 MiB, 23034 MiB, 0 %
2026/10/07 22:34:38.566, 17418 MiB, 23034 MiB, 0 %
2026/10/07 22:34:40.567, 17418 MiB, 23034 MiB, 0 %
2026/10/07 22:34:42.568, 17418 MiB, 23034 MiB, 39 %
2026/10/07 22:34:44.569, 17420 MiB, 23034 MiB, 37 %
2026/10/07 22:34:46.569, 17420 MiB, 23034 MiB, 24 %
2026/10/07 22:34:48.570, 17420 MiB, 23034 MiB, 19 %
2026/10/07 22:34:50.571, 17420 MiB, 23034 MiB, 94 %
2026/10/07 22:34:52.572, 17420 MiB, 23034 MiB, 93 %
2026/10/07 22:34:54.573, 17420 MiB, 23034 MiB, 93 %
2026/10/07 22:34:56.574, 17422 MiB, 23034 MiB, 93 %
2026/10/07 22:34:58.574, 17422 MiB, 23034 MiB, 93 %
2026/10/07 22:35:00.575, 17422 MiB, 23034 MiB, 94 %
2026/10/07 22:35:02.576, 17422 MiB, 23034 MiB, 92 %
2026/10/07 22:35:04.577, 17422 MiB, 23034 MiB, 94 %
2026/10/07 22:35:06.577, 17422 MiB, 23034 MiB, 94 %
2026/10/07 22:35:08.578, 17422 MiB, 23034 MiB, 37 %
2026/10/07 22:35:10.579, 17422 MiB, 23034 MiB, 94 %
2026/10/07 22:35:12.580, 17422 MiB, 23034 MiB, 93 %
2026/10/07 22:35:14.581, 17422 MiB, 23034 MiB, 92 %
2026/10/07 22:35:16.582, 17422 MiB, 23034 MiB, 94 %
2026/10/07 22:35:18.582, 17424 MiB, 23034 MiB, 94 %
2026/10/07 22:35:20.583, 17424 MiB, 23034 MiB, 94 %
2026/10/07 22:35:22.584, 17424 MiB, 23034 MiB, 94 %
2026/10/07 22:35:24.585, 17424 MiB, 23034 MiB, 80 %
2026/10/07 22:35:26.586, 17424 MiB, 23034 MiB, 93 %
2026/10/07 22:35:28.586, 17424 MiB, 23034 MiB, 94 %
2026/10/07 22:35:30.587, 17424 MiB, 23034 MiB, 93 %
2026/10/07 22:35:32.588, 17424 MiB, 23034 MiB, 92 %
2026/10/07 22:35:34.589, 17424 MiB, 23034 MiB, 93 %
2026/10/07 22:35:36.590, 17424 MiB, 23034 MiB, 94 %
2026/10/07 22:35:38.591, 17424 MiB, 23034 MiB, 94 %
2026/10/07 22:35:40.591, 17424 MiB, 23034 MiB, 93 %
2026/10/07 22:35:42.592, 17424 MiB, 23034 MiB, 93 %
2026/10/07 22:35:44.593, 17424 MiB, 23034 MiB, 94 %
2026/10/07 22:35:46.594, 17424 MiB, 23034 MiB, 93 %
2026/10/07 22:35:48.594, 17424 MiB, 23034 MiB, 93 %
2026/10/07 22:35:50.595, 17424 MiB, 23034 MiB, 94 %
2026/10/07 22:35:52.596, 17424 MiB, 23034 MiB, 94 %
2026/10/07 22:35:54.597, 17424 MiB, 23034 MiB, 7 %
2026/10/07 22:35:56.599, 17424 MiB, 23034 MiB, 94 %
2026/10/07 22:35:58.599, 17424 MiB, 23034 MiB, 94 %
2026/10/07 22:36:00.600, 17424 MiB, 23034 MiB, 0 %
2026/10/07 22:36:02.601, 17424 MiB, 23034 MiB, 0 %
2026/10/07 22:36:04.602, 17424 MiB, 23034 MiB, 0 %
2026/10/07 22:36:06.602, 17424 MiB, 23034 MiB, 0 %
2026/10/07 22:36:08.603, 17424 MiB, 23034 MiB, 0 %
2026/10/07 22:36:10.604, 17424 MiB, 23034 MiB, 0 %
2026/10/07 22:36:12.605, 17424 MiB, 23034 MiB, 0 %
2026/10/07 22:36:14.606, 17424 MiB, 23034 MiB, 0 %
2026/10/07 22:36:16.606, 17424 MiB, 23034 MiB, 0 %
2026/10/07 22:36:18.607, 17424 MiB, 23034 MiB, 0 %
2026/10/07 22:36:20.608, 17424 MiB, 23034 MiB, 0 %
2026/10/07 22:36:22.609, 17424 MiB, 23034 MiB, 0 %
2026/10/07 22:36:24.609, 17424 MiB, 23034 MiB, 0 %
2026/10/07 22:36:26.610, 17424 MiB, 23034 MiB, 0 %
2026/10/07 22:36:28.611, 17424 MiB, 23034 MiB, 0 %
2026/10/07 22:36:30.611, 17424 MiB, 23034 MiB, 0 %
2026/10/07 22:36:32.612, 17424 MiB, 23034 MiB, 0 %
2026/10/07 22:36:34.613, 17424 MiB, 23034 MiB, 0 %
2026/10/07 22:36:36.614, 17424 MiB, 23034 MiB, 0 %
2026/10/07 22:36:38.614, 17424 MiB, 23034 MiB, 0 %
2026/10/07 22:36:40.615, 17424 MiB, 23034 MiB, 0 %
2026/10/07 22:36:42.616, 17424 MiB, 23034 MiB, 0 %
2026/10/07 22:36:44.617, 17424 MiB, 23034 MiB, 0 %
2026/10/07 22:36:46.618, 17424 MiB, 23034 MiB, 0 %
2026/10/07 22:36:48.618, 17424 MiB, 23034 MiB, 0 %
2026/10/07 22:36:50.619, 17424 MiB, 23034 MiB, 0 %
2026/10/07 22:36:52.620, 17424 MiB, 23034 MiB, 0 %
2026/10/07 22:36:54.621, 17424 MiB, 23034 MiB, 0 %
2026/10/07 22:36:56.622, 17424 MiB, 23034 MiB, 0 %
2026/10/07 22:36:58.623, 17424 MiB, 23034 MiB, 0 %
2026/10/07 22:37:00.624, 17424 MiB, 23034 MiB, 0 %
2026/10/07 22:37:02.625, 17424 MiB, 23034 MiB, 0 %
2026/10/07 22:37:04.626, 17424 MiB, 23034 MiB, 0 %
2026/10/07 22:37:06.626, 17424 MiB, 23034 MiB, 0 %
2026/10/07 22:37:08.627, 17424 MiB, 23034 MiB, 0 %
2026/10/07 22:37:10.628, 17424 MiB, 23034 MiB, 0 %
2026/10/07 22:37:12.629, 17424 MiB, 23034 MiB, 0 %
2026/10/07 22:37:14.630, 17424 MiB, 23034 MiB, 0 %
2026/10/07 22:37:16.631, 17424 MiB, 23034 MiB, 0 %
2026/10/07 22:37:18.632, 17424 MiB, 23034 MiB, 0 %
2026/10/07 22:37:20.632, 17424 MiB, 23034 MiB, 0 %
2026/10/07 22:37:22.633, 17424 MiB, 23034 MiB, 0 %
2026/10/07 22:37:24.634, 17424 MiB, 23034 MiB, 0 %
2026/10/07 22:37:26.635, 17424 MiB, 23034 MiB, 0 %
2026/10/07 22:37:28.636, 17424 MiB, 23034 MiB, 0 %
2026/10/07 22:37:30.637, 17424 MiB, 23034 MiB, 0 %
2026/10/07 22:37:32.638, 17424 MiB, 23034 MiB, 0 %
2026/10/07 22:37:34.639, 17424 MiB, 23034 MiB, 0 %
2026/10/07 22:37:36.640, 17424 MiB, 23034 MiB, 0 %
2026/10/07 22:37:38.641, 17424 MiB, 23034 MiB, 0 %
2026/10/07 22:37:40.642, 17424 MiB, 23034 MiB, 0 %
2026/10/07 22:37:42.643, 17424 MiB, 23034 MiB, 0 %
2026/10/07 22:37:44.644, 17424 MiB, 23034 MiB, 0 %
2026/10/07 22:37:46.645, 17424 MiB, 23034 MiB, 0 %
2026/10/07 22:37:48.645, 17424 MiB, 23034 MiB, 0 %
2026/10/07 22:37:50.646, 17424 MiB, 23034 MiB, 0 %
2026/10/07 22:37:52.647, 17424 MiB, 23034 MiB, 0 %
2026/10/07 22:37:54.648, 17424 MiB, 23034 MiB, 0 %
2026/10/07 22:37:56.649, 17424 MiB, 23034 MiB, 0 %
2026/10/07 22:37:58.650, 17424 MiB, 23034 MiB, 0 %
2026/10/07 22:38:00.651, 17424 MiB, 23034 MiB, 0 %
2026/10/07 22:38:02.652, 17424 MiB, 23034 MiB, 0 %
2026/10/07 22:38:04.652, 17424 MiB, 23034 MiB, 0 %
2026/10/07 22:38:06.653, 17424 MiB, 23034 MiB, 0 %
2026/10/07 22:38:08.654, 17424 MiB, 23034 MiB, 0 %
2026/10/07 22:38:10.655, 17424 MiB, 23034 MiB, 0 %
2026/10/07 22:38:12.656, 17424 MiB, 23034 MiB, 0 %
2026/10/07 22:38:14.657, 17424 MiB, 23034 MiB, 0 %
2026/10/07 22:38:16.658, 17424 MiB, 23034 MiB, 0 %
2026/10/07 22:38:18.659, 17424 MiB, 23034 MiB, 0 %
2026/10/07 22:38:20.660, 17424 MiB, 23034 MiB, 0 %
2026/10/07 22:38:22.660, 17424 MiB, 23034 MiB, 0 %
2026/10/07 22:38:24.661, 17424 MiB, 23034 MiB, 0 %
2026/10/07 22:38:26.662, 17424 MiB, 23034 MiB, 0 %
2026/10/07 22:38:28.663, 17424 MiB, 23034 MiB, 0 %
2026/10/07 22:38:30.664, 17424 MiB, 23034 MiB, 0 %
2026/10/07 22:38:32.664, 17424 MiB, 23034 MiB, 0 %
2026/10/07 22:38:34.665, 17424 MiB, 23034 MiB, 0 %
2026/10/07 22:38:36.666, 17424 MiB, 23034 MiB, 0 %
2026/10/07 22:38:38.667, 17424 MiB, 23034 MiB, 0 %
2026/10/07 22:38:40.667, 17424 MiB, 23034 MiB, 0 %
2026/10/07 22:38:42.668, 17424 MiB, 23034 MiB, 0 %
2026/10/07 22:38:44.669, 17424 MiB, 23034 MiB, 0 %
2026/10/07 22:38:46.670, 17424 MiB, 23034 MiB, 0 %
2026/10/07 22:38:48.671, 17424 MiB, 23034 MiB, 0 %
2026/10/07 22:38:50.671, 17424 MiB, 23034 MiB, 0 %
2026/10/07 22:38:52.672, 17424 MiB, 23034 MiB, 0 %
2026/10/07 22:38:54.673, 17424 MiB, 23034 MiB, 0 %
2026/10/07 22:38:56.674, 17424 MiB, 23034 MiB, 0 %
2026/10/07 22:38:58.675, 17424 MiB, 23034 MiB, 0 %
2026/10/07 22:39:00.677, 17424 MiB, 23034 MiB, 0 %
2026/10/07 22:39:02.678, 17424 MiB, 23034 MiB, 0 %
2026/10/07 22:39:04.679, 17424 MiB, 23034 MiB, 0 %
2026/10/07 22:39:06.680, 17424 MiB, 23034 MiB, 0 %
2026/10/07 22:39:08.681, 17424 MiB, 23034 MiB, 0 %
2026/10/07 22:39:10.682, 17424 MiB, 23034 MiB, 0 %
2026/10/07 22:39:12.683, 17424 MiB, 23034 MiB, 0 %
2026/10/07 22:39:14.683, 17424 MiB, 23034 MiB, 0 %
2026/10/07 22:39:16.684, 17424 MiB, 23034 MiB, 0 %
2026/10/07 22:39:18.685, 17424 MiB, 23034 MiB, 0 %
2026/10/07 22:39:20.686, 17424 MiB, 23034 MiB, 0 %
2026/10/07 22:39:22.686, 17424 MiB, 23034 MiB, 0 %
2026/10/07 22:39:24.687, 17424 MiB, 23034 MiB, 0 %
2026/10/07 22:39:26.688, 17424 MiB, 23034 MiB, 0 %
2026/10/07 22:39:28.689, 17424 MiB, 23034 MiB, 0 %
2026/10/07 22:39:30.690, 17424 MiB, 23034 MiB, 0 %
2026/10/07 22:39:32.691, 17424 MiB, 23034 MiB, 0 %
2026/10/07 22:39:34.691, 17424 MiB, 23034 MiB, 0 %
2026/10/07 22:39:36.692, 17424 MiB, 23034 MiB, 0 %
2026/10/07 22:39:38.693, 17424 MiB, 23034 MiB, 0 %
2026/10/07 22:39:40.694, 17424 MiB, 23034 MiB, 0 %
2026/10/07 22:39:42.695, 17424 MiB, 23034 MiB, 0 %
2026/10/07 22:39:44.696, 17424 MiB, 23034 MiB, 0 %
2026/10/07 22:39:46.696, 17424 MiB, 23034 MiB, 0 %
2026/10/07 22:39:48.697, 17424 MiB, 23034 MiB, 0 %
2026/10/07 22:39:50.698, 17424 MiB, 23034 MiB, 0 %
2026/10/07 22:39:52.699, 17424 MiB, 23034 MiB, 0 %
2026/10/07 22:39:54.700, 17424 MiB, 23034 MiB, 0 %
2026/10/07 22:39:56.700, 17424 MiB, 23034 MiB, 0 %
2026/10/07 22:39:58.701, 17424 MiB, 23034 MiB, 0 %
2026/10/07 22:40:00.702, 17424 MiB, 23034 MiB, 0 %
2026/10/07 22:40:02.703, 17424 MiB, 23034 MiB, 0 %
2026/10/07 22:40:04.704, 17424 MiB, 23034 MiB, 0 %
2026/10/07 22:40:06.705, 17424 MiB, 23034 MiB, 0 %
2026/10/07 22:40:08.706, 17424 MiB, 23034 MiB, 0 %
2026/10/07 22:40:10.707, 17424 MiB, 23034 MiB, 0 %
2026/10/07 22:40:12.708, 17424 MiB, 23034 MiB, 0 %
2026/10/07 22:40:14.709, 17424 MiB, 23034 MiB, 0 %
2026/10/07 22:40:16.710, 17424 MiB, 23034 MiB, 0 %
2026/10/07 22:40:18.710, 17424 MiB, 23034 MiB, 0 %
2026/10/07 22:40:20.711, 17424 MiB, 23034 MiB, 0 %
2026/10/07 22:40:22.712, 17424 MiB, 23034 MiB, 0 %
2026/10/07 22:40:24.713, 17424 MiB, 23034 MiB, 0 %
2026/10/07 22:40:26.714, 17424 MiB, 23034 MiB, 0 %
2026/10/07 22:40:28.714, 17424 MiB, 23034 MiB, 0 %
2026/10/07 22:40:30.715, 17424 MiB, 23034 MiB, 0 %
2026/10/07 22:40:32.716, 17424 MiB, 23034 MiB, 0 %
2026/10/07 22:40:34.717, 17424 MiB, 23034 MiB, 0 %
2026/10/07 22:40:36.717, 17424 MiB, 23034 MiB, 0 %
2026/10/07 22:40:38.718, 17424 MiB, 23034 MiB, 0 %
2026/10/07 22:40:40.719, 17424 MiB, 23034 MiB, 0 %
2026/10/07 22:40:42.720, 17424 MiB, 23034 MiB, 0 %
2026/10/07 22:40:44.721, 17424 MiB, 23034 MiB, 0 %
2026/10/07 22:40:46.721, 17424 MiB, 23034 MiB, 0 %
2026/10/07 22:40:48.722, 17424 MiB, 23034 MiB, 0 %
2026/10/07 22:40:50.723, 17424 MiB, 23034 MiB, 0 %
2026/10/07 22:40:52.724, 17424 MiB, 23034 MiB, 0 %
2026/10/07 22:40:54.725, 17424 MiB, 23034 MiB, 0 %
2026/10/07 22:40:56.726, 17424 MiB, 23034 MiB, 0 %
2026/10/07 22:40:58.727, 17424 MiB, 23034 MiB, 0 %
2026/10/07 22:41:00.728, 17424 MiB, 23034 MiB, 0 %
2026/10/07 22:41:02.729, 17424 MiB, 23034 MiB, 0 %
2026/10/07 22:41:04.730, 17424 MiB, 23034 MiB, 0 %
2026/10/07 22:41:06.731, 17424 MiB, 23034 MiB, 0 %
2026/10/07 22:41:08.732, 17424 MiB, 23034 MiB, 0 %
2026/10/07 22:41:10.732, 17424 MiB, 23034 MiB, 0 %
2026/10/07 22:41:12.733, 17424 MiB, 23034 MiB, 0 %
2026/10/07 22:41:14.734, 17424 MiB, 23034 MiB, 0 %
2026/10/07 22:41:16.735, 17424 MiB, 23034 MiB, 0 %
2026/10/07 22:41:18.736, 17424 MiB, 23034 MiB, 0 %
2026/10/07 22:41:20.737, 17424 MiB, 23034 MiB, 0 %
2026/10/07 22:41:22.738, 17424 MiB, 23034 MiB, 0 %
2026/10/07 22:41:24.739, 17424 MiB, 23034 MiB, 0 %
2026/10/07 22:41:26.739, 17424 MiB, 23034 MiB, 0 %
2026/10/07 22:41:28.740, 17424 MiB, 23034 MiB, 0 %
2026/10/07 22:41:30.741, 17424 MiB, 23034 MiB, 0 %
2026/10/07 22:41:32.742, 17424 MiB, 23034 MiB, 0 %
2026/10/07 22:41:34.743, 17424 MiB, 23034 MiB, 0 %
2026/10/07 22:41:36.744, 17424 MiB, 23034 MiB, 0 %
2026/10/07 22:41:38.745, 17424 MiB, 23034 MiB, 0 %
2026/10/07 22:41:40.746, 17424 MiB, 23034 MiB, 0 %
2026/10/07 22:41:42.746, 17424 MiB, 23034 MiB, 0 %
2026/10/07 22:41:44.747, 17424 MiB, 23034 MiB, 0 %
2026/10/07 22:41:46.748, 17424 MiB, 23034 MiB, 0 %
2026/10/07 22:41:48.749, 17424 MiB, 23034 MiB, 0 %
2026/10/07 22:41:50.750, 17424 MiB, 23034 MiB, 0 %
2026/10/07 22:41:52.751, 17424 MiB, 23034 MiB, 0 %
2026/10/07 22:41:54.751, 17424 MiB, 23034 MiB, 0 %
2026/10/07 22:41:56.752, 17424 MiB, 23034 MiB, 0 %
2026/10/07 22:41:58.753, 17424 MiB, 23034 MiB, 0 %
2026/10/07 22:42:00.754, 17424 MiB, 23034 MiB, 0 %
2026/10/07 22:42:02.755, 17424 MiB, 23034 MiB, 0 %
2026/10/07 22:42:04.756, 17424 MiB, 23034 MiB, 0 %
2026/10/07 22:42:06.756, 17424 MiB, 23034 MiB, 0 %
2026/10/07 22:42:08.757, 17424 MiB, 23034 MiB, 0 %
2026/10/07 22:42:10.758, 17424 MiB, 23034 MiB, 0 %
2026/10/07 22:42:12.759, 17424 MiB, 23034 MiB, 0 %
2026/10/07 22:42:14.760, 17424 MiB, 23034 MiB, 0 %
2026/10/07 22:42:16.761, 17424 MiB, 23034 MiB, 0 %
2026/10/07 22:42:18.761, 17424 MiB, 23034 MiB, 0 %
2026/10/07 22:42:20.762, 17424 MiB, 23034 MiB, 0 %
2026/10/07 22:42:22.763, 17424 MiB, 23034 MiB, 0 %
2026/10/07 22:42:24.764, 17424 MiB, 23034 MiB, 0 %
2026/10/07 22:42:26.765, 17424 MiB, 23034 MiB, 0 %
2026/10/07 22:42:28.766, 17424 MiB, 23034 MiB, 0 %
2026/10/07 22:42:30.766, 17424 MiB, 23034 MiB, 0 %
2026/10/07 22:42:32.767, 17424 MiB, 23034 MiB, 0 %
2026/10/07 22:42:34.768, 17424 MiB, 23034 MiB, 0 %
2026/10/07 22:42:36.768, 17424 MiB, 23034 MiB, 0 %
2026/10/07 22:42:38.769, 17424 MiB, 23034 MiB, 0 %
2026/10/07 22:42:40.770, 17424 MiB, 23034 MiB, 0 %
2026/10/07 22:42:42.771, 17424 MiB, 23034 MiB, 0 %
2026/10/07 22:42:44.772, 17424 MiB, 23034 MiB, 0 %
2026/10/07 22:42:46.772, 17424 MiB, 23034 MiB, 0 %
2026/10/07 22:42:48.773, 17424 MiB, 23034 MiB, 0 %
2026/10/07 22:42:50.774, 17424 MiB, 23034 MiB, 0 %
2026/10/07 22:42:52.775, 17424 MiB, 23034 MiB, 0 %
2026/10/07 22:42:54.776, 17424 MiB, 23034 MiB, 0 %
2026/10/07 22:42:56.776, 17424 MiB, 23034 MiB, 0 %
2026/10/07 22:42:58.777, 17424 MiB, 23034 MiB, 0 %
2026/10/07 22:43:00.778, 17424 MiB, 23034 MiB, 0 %
2026/10/07 22:43:02.779, 17424 MiB, 23034 MiB, 0 %
2026/10/07 22:43:04.780, 17424 MiB, 23034 MiB, 0 %
2026/10/07 22:43:06.782, 17424 MiB, 23034 MiB, 0 %
2026/10/07 22:43:08.783, 17424 MiB, 23034 MiB, 0 %
2026/10/07 22:43:10.784, 17424 MiB, 23034 MiB, 0 %
2026/10/07 22:43:12.785, 17424 MiB, 23034 MiB, 0 %
2026/10/07 22:43:14.786, 17424 MiB, 23034 MiB, 0 %
2026/10/07 22:43:16.786, 17424 MiB, 23034 MiB, 0 %
2026/10/07 22:43:18.787, 17424 MiB, 23034 MiB, 0 %
2026/10/07 22:43:20.788, 17424 MiB, 23034 MiB, 0 %
2026/10/07 22:43:22.789, 17424 MiB, 23034 MiB, 0 %
2026/10/07 22:43:24.790, 17424 MiB, 23034 MiB, 0 %
2026/10/07 22:43:26.791, 17424 MiB, 23034 MiB, 0 %
2026/10/07 22:43:28.792, 17424 MiB, 23034 MiB, 0 %
2026/10/07 22:43:30.792, 17424 MiB, 23034 MiB, 0 %
2026/10/07 22:43:32.793, 17424 MiB, 23034 MiB, 0 %
2026/10/07 22:43:34.794, 17424 MiB, 23034 MiB, 0 %
2026/10/07 22:43:36.795, 17424 MiB, 23034 MiB, 0 %
2026/10/07 22:43:38.796, 17424 MiB, 23034 MiB, 0 %
2026/10/07 22:43:40.797, 17424 MiB, 23034 MiB, 0 %
2026/10/07 22:43:42.798, 17424 MiB, 23034 MiB, 0 %
2026/10/07 22:43:44.799, 17424 MiB, 23034 MiB, 0 %
2026/10/07 22:43:46.800, 17424 MiB, 23034 MiB, 0 %
2026/10/07 22:43:48.801, 17424 MiB, 23034 MiB, 0 %
2026/10/07 22:43:50.802, 17424 MiB, 23034 MiB, 0 %
2026/10/07 22:43:52.803, 17424 MiB, 23034 MiB, 0 %
2026/10/07 22:43:54.804, 17424 MiB, 23034 MiB, 0 %
2026/10/07 22:43:56.805, 17424 MiB, 23034 MiB, 0 %
2026/10/07 22:43:58.806, 17424 MiB, 23034 MiB, 0 %
2026/10/07 22:44:00.807, 17424 MiB, 23034 MiB, 0 %
2026/10/07 22:44:02.808, 17424 MiB, 23034 MiB, 0 %
2026/10/07 22:44:04.809, 17424 MiB, 23034 MiB, 0 %
2026/10/07 22:44:06.810, 17424 MiB, 23034 MiB, 0 %
2026/10/07 22:44:08.811, 17424 MiB, 23034 MiB, 0 %
2026/10/07 22:44:10.812, 17424 MiB, 23034 MiB, 0 %
2026/10/07 22:44:12.813, 17424 MiB, 23034 MiB, 0 %
2026/10/07 22:44:14.814, 17424 MiB, 23034 MiB, 0 %
2026/10/07 22:44:16.814, 17424 MiB, 23034 MiB, 0 %
2026/10/07 22:44:18.815, 17424 MiB, 23034 MiB, 0 %
2026/10/07 22:44:20.816, 17424 MiB, 23034 MiB, 0 %
2026/10/07 22:44:22.817, 17424 MiB, 23034 MiB, 0 %
2026/10/07 22:44:24.818, 17424 MiB, 23034 MiB, 0 %
2026/10/07 22:44:26.819, 17424 MiB, 23034 MiB, 0 %
2026/10/07 22:44:28.820, 17424 MiB, 23034 MiB, 0 %
2026/10/07 22:44:30.821, 17424 MiB, 23034 MiB, 0 %
2026/10/07 22:44:32.821, 17424 MiB, 23034 MiB, 0 %
2026/10/07 22:44:34.822, 17424 MiB, 23034 MiB, 0 %
2026/10/07 22:44:36.823, 17424 MiB, 23034 MiB, 0 %
2026/10/07 22:44:38.824, 17424 MiB, 23034 MiB, 0 %
2026/10/07 22:44:40.825, 17424 MiB, 23034 MiB, 0 %
2026/10/07 22:44:42.826, 17424 MiB, 23034 MiB, 0 %
2026/10/07 22:44:44.827, 17424 MiB, 23034 MiB, 0 %
2026/10/07 22:44:46.828, 17424 MiB, 23034 MiB, 0 %
2026/10/07 22:44:48.828, 17424 MiB, 23034 MiB, 0 %
2026/10/07 22:44:50.829, 17424 MiB, 23034 MiB, 0 %
2026/10/07 22:44:52.830, 17424 MiB, 23034 MiB, 0 %
2026/10/07 22:44:54.831, 17424 MiB, 23034 MiB, 0 %
2026/10/07 22:44:56.832, 17424 MiB, 23034 MiB, 0 %
2026/10/07 22:44:58.833, 17424 MiB, 23034 MiB, 0 %
2026/10/07 22:45:00.834, 17424 MiB, 23034 MiB, 0 %
2026/10/07 22:45:02.834, 17424 MiB, 23034 MiB, 0 %
2026/10/07 22:45:04.835, 17424 MiB, 23034 MiB, 0 %
2026/10/07 22:45:06.836, 17424 MiB, 23034 MiB, 0 %
2026/10/07 22:45:08.837, 17424 MiB, 23034 MiB, 0 %
2026/10/07 22:45:10.838, 17424 MiB, 23034 MiB, 0 %
2026/10/07 22:45:12.839, 17424 MiB, 23034 MiB, 0 %
2026/10/07 22:45:14.839, 17424 MiB, 23034 MiB, 0 %
2026/10/07 22:45:16.840, 17424 MiB, 23034 MiB, 0 %
2026/10/07 22:45:18.841, 17424 MiB, 23034 MiB, 0 %
2026/10/07 22:45:20.842, 17424 MiB, 23034 MiB, 0 %
2026/10/07 22:45:22.843, 17424 MiB, 23034 MiB, 0 %
2026/10/07 22:45:24.844, 17424 MiB, 23034 MiB, 0 %
2026/10/07 22:45:26.845, 17424 MiB, 23034 MiB, 0 %
2026/10/07 22:45:28.846, 17424 MiB, 23034 MiB, 0 %
2026/10/07 22:45:30.847, 17424 MiB, 23034 MiB, 0 %
2026/10/07 22:45:32.848, 17424 MiB, 23034 MiB, 0 %
2026/10/07 22:45:34.849, 17424 MiB, 23034 MiB, 0 %
2026/10/07 22:45:36.849, 17424 MiB, 23034 MiB, 0 %
2026/10/07 22:45:38.850, 17424 MiB, 23034 MiB, 0 %
2026/10/07 22:45:40.851, 17424 MiB, 23034 MiB, 0 %
2026/10/07 22:45:42.852, 17424 MiB, 23034 MiB, 0 %
2026/10/07 22:45:44.852, 17424 MiB, 23034 MiB, 0 %
2026/10/07 22:45:46.853, 17424 MiB, 23034 MiB, 0 %
2026/10/07 22:45:48.853, 17424 MiB, 23034 MiB, 0 %
2026/10/07 22:45:50.854, 17424 MiB, 23034 MiB, 0 %
2026/10/07 22:45:52.855, 17424 MiB, 23034 MiB, 0 %
2026/10/07 22:45:54.856, 17424 MiB, 23034 MiB, 0 %
2026/10/07 22:45:56.857, 17424 MiB, 23034 MiB, 0 %
2026/10/07 22:45:58.858, 17424 MiB, 23034 MiB, 0 %
2026/10/07 22:46:00.859, 17424 MiB, 23034 MiB, 0 %
2026/10/07 22:46:02.860, 17424 MiB, 23034 MiB, 0 %
2026/10/07 22:46:04.861, 17424 MiB, 23034 MiB, 0 %
2026/10/07 22:46:06.862, 17424 MiB, 23034 MiB, 0 %
2026/10/07 22:46:08.863, 17424 MiB, 23034 MiB, 0 %
2026/10/07 22:46:10.865, 17424 MiB, 23034 MiB, 0 %
2026/10/07 22:46:12.866, 17424 MiB, 23034 MiB, 0 %
2026/10/07 22:46:14.867, 17424 MiB, 23034 MiB, 0 %
2026/10/07 22:46:16.868, 17424 MiB, 23034 MiB, 0 %
2026/10/07 22:46:18.869, 17424 MiB, 23034 MiB, 0 %
2026/10/07 22:46:20.870, 17424 MiB, 23034 MiB, 0 %
2026/10/07 22:46:22.871, 17424 MiB, 23034 MiB, 0 %
2026/10/07 22:46:24.872, 17424 MiB, 23034 MiB, 0 %
2026/10/07 22:46:26.872, 17424 MiB, 23034 MiB, 0 %
2026/10/07 22:46:28.873, 17424 MiB, 23034 MiB, 0 %
2026/10/07 22:46:30.874, 17424 MiB, 23034 MiB, 0 %
2026/10/07 22:46:32.875, 17424 MiB, 23034 MiB, 0 %
2026/10/07 22:46:34.876, 17424 MiB, 23034 MiB, 0 %
2026/10/07 22:46:36.876, 17424 MiB, 23034 MiB, 0 %
2026/10/07 22:46:38.877, 17424 MiB, 23034 MiB, 0 %
2026/10/07 22:46:40.878, 17424 MiB, 23034 MiB, 0 %
2026/10/07 22:46:42.879, 17424 MiB, 23034 MiB, 0 %
2026/10/07 22:46:44.880, 17424 MiB, 23034 MiB, 0 %
2026/10/07 22:46:46.880, 17424 MiB, 23034 MiB, 0 %
2026/10/07 22:46:48.881, 17424 MiB, 23034 MiB, 0 %
2026/10/07 22:46:50.882, 17424 MiB, 23034 MiB, 0 %
2026/10/07 22:46:52.883, 17424 MiB, 23034 MiB, 0 %
2026/10/07 22:46:54.884, 17424 MiB, 23034 MiB, 0 %
2026/10/07 22:46:56.885, 17424 MiB, 23034 MiB, 0 %
2026/10/07 22:46:58.886, 17424 MiB, 23034 MiB, 0 %
2026/10/07 22:47:00.886, 17424 MiB, 23034 MiB, 0 %
2026/10/07 22:47:02.887, 17424 MiB, 23034 MiB, 0 %
2026/10/07 22:47:04.888, 17424 MiB, 23034 MiB, 0 %
2026/10/07 22:47:06.889, 17424 MiB, 23034 MiB, 0 %
2026/10/07 22:47:08.890, 17424 MiB, 23034 MiB, 0 %
2026/10/07 22:47:10.891, 17424 MiB, 23034 MiB, 0 %
2026/10/07 22:47:12.893, 17424 MiB, 23034 MiB, 0 %
2026/10/07 22:47:14.894, 17424 MiB, 23034 MiB, 0 %
2026/10/07 22:47:16.895, 17424 MiB, 23034 MiB, 0 %
2026/10/07 22:47:18.896, 17424 MiB, 23034 MiB, 0 %
2026/10/07 22:47:20.897, 17424 MiB, 23034 MiB, 0 %
2026/10/07 22:47:22.897, 17424 MiB, 23034 MiB, 0 %
2026/10/07 22:47:24.898, 17424 MiB, 23034 MiB, 0 %
2026/10/07 22:47:26.899, 17424 MiB, 23034 MiB, 0 %
2026/10/07 22:47:28.900, 17424 MiB, 23034 MiB, 0 %
2026/10/07 22:47:30.901, 17424 MiB, 23034 MiB, 0 %
2026/10/07 22:47:32.902, 17424 MiB, 23034 MiB, 0 %
2026/10/07 22:47:34.902, 17424 MiB, 23034 MiB, 0 %
2026/10/07 22:47:36.903, 17424 MiB, 23034 MiB, 0 %
2026/10/07 22:47:38.904, 17424 MiB, 23034 MiB, 0 %
2026/10/07 22:47:40.905, 17424 MiB, 23034 MiB, 0 %
2026/10/07 22:47:42.906, 17424 MiB, 23034 MiB, 0 %
2026/10/07 22:47:44.907, 17424 MiB, 23034 MiB, 0 %
2026/10/07 22:47:46.908, 17424 MiB, 23034 MiB, 0 %
2026/10/07 22:47:48.908, 17424 MiB, 23034 MiB, 0 %
2026/10/07 22:47:50.909, 17424 MiB, 23034 MiB, 0 %
2026/10/07 22:47:52.910, 17424 MiB, 23034 MiB, 0 %
2026/10/07 22:47:54.911, 17424 MiB, 23034 MiB, 0 %
2026/10/07 22:47:56.912, 17424 MiB, 23034 MiB, 0 %
2026/10/07 22:47:58.913, 17424 MiB, 23034 MiB, 0 %
2026/10/07 22:48:00.913, 17424 MiB, 23034 MiB, 0 %
2026/10/07 22:48:02.914, 17424 MiB, 23034 MiB, 0 %
2026/10/07 22:48:04.915, 17424 MiB, 23034 MiB, 0 %
2026/10/07 22:48:06.916, 17424 MiB, 23034 MiB, 0 %
2026/10/07 22:48:08.917, 17424 MiB, 23034 MiB, 0 %
2026/10/07 22:48:10.918, 17424 MiB, 23034 MiB, 0 %
2026/10/07 22:48:12.919, 17424 MiB, 23034 MiB, 0 %
2026/10/07 22:48:14.920, 17424 MiB, 23034 MiB, 0 %
2026/10/07 22:48:16.920, 17424 MiB, 23034 MiB, 0 %
2026/10/07 22:48:18.921, 17424 MiB, 23034 MiB, 0 %
2026/10/07 22:48:20.922, 17424 MiB, 23034 MiB, 0 %
2026/10/07 22:48:22.923, 17424 MiB, 23034 MiB, 0 %
2026/10/07 22:48:24.924, 17424 MiB, 23034 MiB, 0 %
2026/10/07 22:48:26.925, 17424 MiB, 23034 MiB, 0 %
2026/10/07 22:48:28.926, 17424 MiB, 23034 MiB, 0 %
2026/10/07 22:48:30.926, 17424 MiB, 23034 MiB, 0 %
2026/10/07 22:48:32.927, 17424 MiB, 23034 MiB, 0 %
2026/10/07 22:48:34.928, 17424 MiB, 23034 MiB, 0 %
2026/10/07 22:48:36.929, 17424 MiB, 23034 MiB, 0 %
2026/10/07 22:48:38.929, 17424 MiB, 23034 MiB, 0 %
2026/10/07 22:48:40.930, 17424 MiB, 23034 MiB, 0 %
2026/10/07 22:48:42.930, 17424 MiB, 23034 MiB, 0 %
2026/10/07 22:48:44.931, 17424 MiB, 23034 MiB, 0 %
2026/10/07 22:48:46.932, 17424 MiB, 23034 MiB, 0 %
2026/10/07 22:48:48.933, 17424 MiB, 23034 MiB, 0 %
2026/10/07 22:48:50.934, 17424 MiB, 23034 MiB, 0 %
2026/10/07 22:48:52.935, 17424 MiB, 23034 MiB, 0 %
2026/10/07 22:48:54.936, 17424 MiB, 23034 MiB, 0 %
2026/10/07 22:48:56.937, 17424 MiB, 23034 MiB, 0 %
2026/10/07 22:48:58.937, 17424 MiB, 23034 MiB, 0 %
2026/10/07 22:49:00.938, 17424 MiB, 23034 MiB, 0 %
2026/10/07 22:49:02.939, 17424 MiB, 23034 MiB, 0 %
2026/10/07 22:49:04.940, 17424 MiB, 23034 MiB, 0 %
2026/10/07 22:49:06.941, 17424 MiB, 23034 MiB, 0 %
2026/10/07 22:49:08.942, 17424 MiB, 23034 MiB, 0 %
2026/10/07 22:49:10.943, 17424 MiB, 23034 MiB, 0 %
2026/10/07 22:49:12.944, 17424 MiB, 23034 MiB, 0 %
2026/10/07 22:49:14.945, 17424 MiB, 23034 MiB, 0 %
2026/10/07 22:49:16.946, 17424 MiB, 23034 MiB, 0 %
2026/10/07 22:49:18.946, 17424 MiB, 23034 MiB, 0 %
2026/10/07 22:49:20.947, 17424 MiB, 23034 MiB, 0 %
2026/10/07 22:49:22.948, 17424 MiB, 23034 MiB, 0 %
2026/10/07 22:49:24.949, 17424 MiB, 23034 MiB, 0 %
2026/10/07 22:49:26.950, 17424 MiB, 23034 MiB, 0 %
2026/10/07 22:49:28.951, 17424 MiB, 23034 MiB, 0 %
2026/10/07 22:49:30.952, 17424 MiB, 23034 MiB, 0 %
2026/10/07 22:49:32.952, 17424 MiB, 23034 MiB, 0 %
2026/10/07 22:49:34.953, 17424 MiB, 23034 MiB, 0 %
2026/10/07 22:49:36.954, 17424 MiB, 23034 MiB, 0 %
2026/10/07 22:49:38.955, 17424 MiB, 23034 MiB, 0 %
2026/10/07 22:49:40.956, 17424 MiB, 23034 MiB, 0 %
2026/10/07 22:49:42.956, 17424 MiB, 23034 MiB, 0 %
2026/10/07 22:49:44.957, 17424 MiB, 23034 MiB, 0 %
2026/10/07 22:49:46.958, 17424 MiB, 23034 MiB, 0 %
2026/10/07 22:49:48.959, 17424 MiB, 23034 MiB, 0 %
2026/10/07 22:49:50.960, 17424 MiB, 23034 MiB, 0 %
2026/10/07 22:49:52.961, 17424 MiB, 23034 MiB, 0 %
2026/10/07 22:49:54.962, 17424 MiB, 23034 MiB, 0 %
2026/10/07 22:49:56.962, 17424 MiB, 23034 MiB, 0 %
2026/10/07 22:49:58.963, 17424 MiB, 23034 MiB, 0 %
2026/10/07 22:50:00.964, 17424 MiB, 23034 MiB, 0 %
2026/10/07 22:50:02.965, 17424 MiB, 23034 MiB, 0 %
2026/10/07 22:50:04.966, 17424 MiB, 23034 MiB, 0 %
2026/10/07 22:50:06.967, 17424 MiB, 23034 MiB, 0 %
2026/10/07 22:50:08.968, 17424 MiB, 23034 MiB, 0 %
2026/10/07 22:50:10.968, 17424 MiB, 23034 MiB, 0 %
2026/10/07 22:50:12.969, 17424 MiB, 23034 MiB, 0 %
2026/10/07 22:50:14.970, 17424 MiB, 23034 MiB, 0 %
2026/10/07 22:50:16.971, 17424 MiB, 23034 MiB, 0 %
2026/10/07 22:50:18.972, 17424 MiB, 23034 MiB, 0 %
2026/10/07 22:50:20.973, 17424 MiB, 23034 MiB, 0 %
2026/10/07 22:50:22.974, 17424 MiB, 23034 MiB, 0 %
2026/10/07 22:50:24.975, 17424 MiB, 23034 MiB, 0 %
2026/10/07 22:50:26.975, 17424 MiB, 23034 MiB, 0 %
2026/10/07 22:50:28.976, 17424 MiB, 23034 MiB, 0 %
2026/10/07 22:50:30.977, 17424 MiB, 23034 MiB, 0 %
2026/10/07 22:50:32.978, 17424 MiB, 23034 MiB, 0 %
2026/10/07 22:50:34.979, 17424 MiB, 23034 MiB, 0 %
2026/10/07 22:50:36.980, 17424 MiB, 23034 MiB, 0 %
2026/10/07 22:50:38.981, 17424 MiB, 23034 MiB, 0 %
2026/10/07 22:50:40.982, 17424 MiB, 23034 MiB, 0 %
2026/10/07 22:50:42.983, 17424 MiB, 23034 MiB, 0 %
2026/10/07 22:50:44.983, 17424 MiB, 23034 MiB, 0 %
2026/10/07 22:50:46.984, 17424 MiB, 23034 MiB, 0 %
2026/10/07 22:50:48.985, 17424 MiB, 23034 MiB, 0 %
2026/10/07 22:50:50.986, 17424 MiB, 23034 MiB, 0 %
2026/10/07 22:50:52.987, 17424 MiB, 23034 MiB, 0 %
2026/10/07 22:50:54.988, 17424 MiB, 23034 MiB, 0 %
2026/10/07 22:50:56.988, 17424 MiB, 23034 MiB, 0 %
2026/10/07 22:50:58.989, 17424 MiB, 23034 MiB, 0 %
2026/10/07 22:51:00.990, 17424 MiB, 23034 MiB, 0 %
2026/10/07 22:51:02.991, 17424 MiB, 23034 MiB, 0 %
2026/10/07 22:51:04.992, 17424 MiB, 23034 MiB, 0 %
2026/10/07 22:51:06.993, 17424 MiB, 23034 MiB, 0 %
2026/10/07 22:51:08.993, 17424 MiB, 23034 MiB, 0 %
2026/10/07 22:51:10.994, 17424 MiB, 23034 MiB, 0 %
2026/10/07 22:51:12.995, 17424 MiB, 23034 MiB, 0 %
2026/10/07 22:51:14.996, 17424 MiB, 23034 MiB, 0 %
2026/10/07 22:51:16.997, 17424 MiB, 23034 MiB, 0 %
2026/10/07 22:51:18.999, 17424 MiB, 23034 MiB, 0 %
2026/10/07 22:51:20.999, 17424 MiB, 23034 MiB, 0 %
2026/10/07 22:51:23.000, 17424 MiB, 23034 MiB, 0 %
2026/10/07 22:51:25.001, 17424 MiB, 23034 MiB, 0 %
2026/10/07 22:51:27.002, 17424 MiB, 23034 MiB, 0 %
2026/10/07 22:51:29.003, 17424 MiB, 23034 MiB, 0 %
2026/10/07 22:51:31.004, 17424 MiB, 23034 MiB, 0 %
2026/10/07 22:51:33.004, 17424 MiB, 23034 MiB, 0 %
2026/10/07 22:51:35.005, 17424 MiB, 23034 MiB, 0 %
2026/10/07 22:51:37.005, 17424 MiB, 23034 MiB, 0 %
2026/10/07 22:51:39.006, 17424 MiB, 23034 MiB, 0 %
2026/10/07 22:51:41.007, 17424 MiB, 23034 MiB, 0 %
2026/10/07 22:51:43.008, 17424 MiB, 23034 MiB, 0 %
2026/10/07 22:51:45.009, 17424 MiB, 23034 MiB, 0 %
2026/10/07 22:51:47.010, 17424 MiB, 23034 MiB, 0 %
2026/10/07 22:51:49.011, 17424 MiB, 23034 MiB, 0 %
2026/10/07 22:51:51.012, 17424 MiB, 23034 MiB, 0 %
2026/10/07 22:51:53.012, 17424 MiB, 23034 MiB, 0 %
2026/10/07 22:51:55.013, 17424 MiB, 23034 MiB, 0 %
2026/10/07 22:51:57.014, 17424 MiB, 23034 MiB, 0 %
2026/10/07 22:51:59.015, 17424 MiB, 23034 MiB, 0 %
2026/10/07 22:52:01.016, 17424 MiB, 23034 MiB, 0 %
2026/10/07 22:52:03.017, 17424 MiB, 23034 MiB, 0 %
2026/10/07 22:52:05.018, 17424 MiB, 23034 MiB, 0 %
2026/10/07 22:52:07.019, 17424 MiB, 23034 MiB, 0 %
2026/10/07 22:52:09.020, 17424 MiB, 23034 MiB, 0 %
2026/10/07 22:52:11.021, 17424 MiB, 23034 MiB, 0 %
2026/10/07 22:52:13.021, 17424 MiB, 23034 MiB, 0 %
2026/10/07 22:52:15.022, 17424 MiB, 23034 MiB, 0 %
2026/10/07 22:52:17.023, 17424 MiB, 23034 MiB, 0 %
2026/10/07 22:52:19.024, 17424 MiB, 23034 MiB, 0 %
2026/10/07 22:52:21.025, 17424 MiB, 23034 MiB, 0 %
2026/10/07 22:52:23.026, 17424 MiB, 23034 MiB, 0 %
2026/10/07 22:52:25.027, 17424 MiB, 23034 MiB, 0 %
2026/10/07 22:52:27.028, 17424 MiB, 23034 MiB, 0 %
2026/10/07 22:52:29.029, 17424 MiB, 23034 MiB, 0 %
2026/10/07 22:52:31.030, 17424 MiB, 23034 MiB, 0 %
2026/10/07 22:52:33.031, 17424 MiB, 23034 MiB, 0 %
2026/10/07 22:52:35.031, 17424 MiB, 23034 MiB, 0 %
2026/10/07 22:52:37.032, 17424 MiB, 23034 MiB, 0 %
2026/10/07 22:52:39.033, 17424 MiB, 23034 MiB, 0 %
2026/10/07 22:52:41.034, 17424 MiB, 23034 MiB, 0 %
2026/10/07 22:52:43.035, 17424 MiB, 23034 MiB, 0 %
2026/10/07 22:52:45.036, 17424 MiB, 23034 MiB, 0 %
2026/10/07 22:52:47.037, 17424 MiB, 23034 MiB, 0 %
2026/10/07 22:52:49.038, 17424 MiB, 23034 MiB, 0 %
2026/10/07 22:52:51.039, 17424 MiB, 23034 MiB, 0 %
2026/10/07 22:52:53.039, 17424 MiB, 23034 MiB, 0 %
2026/10/07 22:52:55.040, 17424 MiB, 23034 MiB, 0 %
2026/10/07 22:52:57.041, 17424 MiB, 23034 MiB, 0 %
2026/10/07 22:52:59.042, 17424 MiB, 23034 MiB, 0 %
2026/10/07 22:53:01.043, 17424 MiB, 23034 MiB, 0 %
2026/10/07 22:53:03.044, 17424 MiB, 23034 MiB, 0 %
2026/10/07 22:53:05.045, 17424 MiB, 23034 MiB, 0 %
2026/10/07 22:53:07.045, 17424 MiB, 23034 MiB, 0 %
2026/10/07 22:53:09.046, 17424 MiB, 23034 MiB, 0 %
2026/10/07 22:53:11.047, 17424 MiB, 23034 MiB, 0 %
2026/10/07 22:53:13.048, 17424 MiB, 23034 MiB, 0 %
2026/10/07 22:53:15.049, 17424 MiB, 23034 MiB, 0 %
2026/10/07 22:53:17.050, 17424 MiB, 23034 MiB, 0 %
2026/10/07 22:53:19.051, 17424 MiB, 23034 MiB, 0 %
2026/10/07 22:53:21.052, 17424 MiB, 23034 MiB, 0 %
2026/10/07 22:53:23.053, 17424 MiB, 23034 MiB, 0 %
2026/10/07 22:53:25.054, 17424 MiB, 23034 MiB, 0 %
2026/10/07 22:53:27.055, 17424 MiB, 23034 MiB, 0 %
2026/10/07 22:53:29.055, 17424 MiB, 23034 MiB, 0 %
2026/10/07 22:53:31.056, 17424 MiB, 23034 MiB, 0 %
2026/10/07 22:53:33.057, 17424 MiB, 23034 MiB, 0 %
2026/10/07 22:53:35.058, 17424 MiB, 23034 MiB, 0 %
2026/10/07 22:53:37.059, 17424 MiB, 23034 MiB, 0 %
2026/10/07 22:53:39.060, 17424 MiB, 23034 MiB, 0 %
2026/10/07 22:53:41.061, 17424 MiB, 23034 MiB, 0 %
2026/10/07 22:53:43.062, 17424 MiB, 23034 MiB, 0 %
2026/10/07 22:53:45.063, 17424 MiB, 23034 MiB, 0 %
2026/10/07 22:53:47.063, 17424 MiB, 23034 MiB, 0 %
2026/10/07 22:53:49.064, 17424 MiB, 23034 MiB, 0 %
2026/10/07 22:53:51.065, 17424 MiB, 23034 MiB, 0 %
2026/10/07 22:53:53.066, 17424 MiB, 23034 MiB, 0 %
2026/10/07 22:53:55.067, 17424 MiB, 23034 MiB, 0 %
2026/10/07 22:53:57.068, 17424 MiB, 23034 MiB, 0 %
2026/10/07 22:53:59.068, 17424 MiB, 23034 MiB, 0 %
2026/10/07 22:54:01.069, 17424 MiB, 23034 MiB, 0 %
2026/10/07 22:54:03.070, 17424 MiB, 23034 MiB, 0 %
2026/10/07 22:54:05.071, 17424 MiB, 23034 MiB, 0 %
2026/10/07 22:54:07.072, 17424 MiB, 23034 MiB, 0 %
2026/10/07 22:54:09.073, 17424 MiB, 23034 MiB, 0 %
2026/10/07 22:54:11.073, 17424 MiB, 23034 MiB, 0 %
2026/10/07 22:54:13.074, 17424 MiB, 23034 MiB, 0 %
2026/10/07 22:54:15.075, 17424 MiB, 23034 MiB, 0 %
2026/10/07 22:54:17.076, 17424 MiB, 23034 MiB, 0 %
2026/10/07 22:54:19.077, 17424 MiB, 23034 MiB, 0 %
2026/10/07 22:54:21.078, 17424 MiB, 23034 MiB, 0 %
2026/10/07 22:54:23.079, 17424 MiB, 23034 MiB, 0 %
2026/10/07 22:54:25.080, 17424 MiB, 23034 MiB, 0 %
2026/10/07 22:54:27.081, 17424 MiB, 23034 MiB, 0 %
2026/10/07 22:54:29.081, 17424 MiB, 23034 MiB, 0 %
2026/10/07 22:54:31.082, 17424 MiB, 23034 MiB, 0 %
2026/10/07 22:54:33.083, 17424 MiB, 23034 MiB, 0 %
2026/10/07 22:54:35.084, 17424 MiB, 23034 MiB, 0 %
2026/10/07 22:54:37.085, 17424 MiB, 23034 MiB, 0 %
2026/10/07 22:54:39.086, 17424 MiB, 23034 MiB, 0 %
2026/10/07 22:54:41.086, 17424 MiB, 23034 MiB, 0 %
2026/10/07 22:54:43.087, 17424 MiB, 23034 MiB, 0 %
2026/10/07 22:54:45.088, 17424 MiB, 23034 MiB, 0 %
2026/10/07 22:54:47.089, 17424 MiB, 23034 MiB, 0 %
2026/10/07 22:54:49.090, 17424 MiB, 23034 MiB, 0 %
2026/10/07 22:54:51.091, 17424 MiB, 23034 MiB, 0 %
2026/10/07 22:54:53.091, 17424 MiB, 23034 MiB, 0 %
2026/10/07 22:54:55.092, 17424 MiB, 23034 MiB, 0 %
2026/10/07 22:54:57.093, 17424 MiB, 23034 MiB, 0 %
2026/10/07 22:54:59.094, 17424 MiB, 23034 MiB, 0 %
2026/10/07 22:55:01.095, 17424 MiB, 23034 MiB, 0 %
2026/10/07 22:55:03.096, 17424 MiB, 23034 MiB, 0 %
2026/10/07 22:55:05.097, 17424 MiB, 23034 MiB, 0 %
2026/10/07 22:55:07.097, 17424 MiB, 23034 MiB, 0 %
2026/10/07 22:55:09.098, 17424 MiB, 23034 MiB, 0 %
2026/10/07 22:55:11.099, 17424 MiB, 23034 MiB, 0 %
2026/10/07 22:55:13.100, 17424 MiB, 23034 MiB, 0 %
2026/10/07 22:55:15.101, 17424 MiB, 23034 MiB, 0 %
2026/10/07 22:55:17.102, 17424 MiB, 23034 MiB, 0 %
2026/10/07 22:55:19.102, 17424 MiB, 23034 MiB, 0 %
2026/10/07 22:55:21.103, 17424 MiB, 23034 MiB, 0 %
2026/10/07 22:55:23.104, 17424 MiB, 23034 MiB, 0 %
2026/10/07 22:55:25.105, 17424 MiB, 23034 MiB, 0 %
2026/10/07 22:55:27.106, 17424 MiB, 23034 MiB, 0 %
2026/10/07 22:55:29.107, 17424 MiB, 23034 MiB, 0 %
2026/10/07 22:55:31.107, 17424 MiB, 23034 MiB, 0 %
2026/10/07 22:55:33.108, 17424 MiB, 23034 MiB, 0 %
2026/10/07 22:55:35.109, 17424 MiB, 23034 MiB, 0 %
2026/10/07 22:55:37.110, 17424 MiB, 23034 MiB, 0 %
2026/10/07 22:55:39.111, 17424 MiB, 23034 MiB, 0 %
2026/10/07 22:55:41.112, 17424 MiB, 23034 MiB, 0 %
2026/10/07 22:55:43.112, 17424 MiB, 23034 MiB, 0 %
2026/10/07 22:55:45.113, 17424 MiB, 23034 MiB, 0 %
2026/10/07 22:55:47.114, 17424 MiB, 23034 MiB, 0 %
2026/10/07 22:55:49.115, 17424 MiB, 23034 MiB, 0 %
2026/10/07 22:55:51.115, 17424 MiB, 23034 MiB, 0 %
2026/10/07 22:55:53.116, 17424 MiB, 23034 MiB, 0 %
2026/10/07 22:55:55.117, 17424 MiB, 23034 MiB, 0 %
2026/10/07 22:55:57.118, 17424 MiB, 23034 MiB, 0 %
2026/10/07 22:55:59.119, 17424 MiB, 23034 MiB, 0 %
2026/10/07 22:56:01.120, 17424 MiB, 23034 MiB, 0 %
2026/10/07 22:56:03.121, 17424 MiB, 23034 MiB, 0 %
2026/10/07 22:56:05.121, 17424 MiB, 23034 MiB, 0 %
2026/10/07 22:56:07.122, 17424 MiB, 23034 MiB, 0 %
2026/10/07 22:56:09.123, 17424 MiB, 23034 MiB, 0 %
2026/10/07 22:56:11.124, 17424 MiB, 23034 MiB, 0 %
2026/10/07 22:56:13.125, 17424 MiB, 23034 MiB, 0 %
2026/10/07 22:56:15.126, 17424 MiB, 23034 MiB, 0 %
2026/10/07 22:56:17.126, 17424 MiB, 23034 MiB, 0 %
2026/10/07 22:56:19.127, 17424 MiB, 23034 MiB, 0 %
2026/10/07 22:56:21.128, 17424 MiB, 23034 MiB, 0 %
2026/10/07 22:56:23.129, 17424 MiB, 23034 MiB, 0 %
2026/10/07 22:56:25.132, 17424 MiB, 23034 MiB, 0 %
2026/10/07 22:56:27.133, 17424 MiB, 23034 MiB, 0 %
2026/10/07 22:56:29.134, 17424 MiB, 23034 MiB, 0 %
2026/10/07 22:56:31.135, 17424 MiB, 23034 MiB, 0 %
2026/10/07 22:56:33.136, 17424 MiB, 23034 MiB, 0 %
2026/10/07 22:56:35.137, 17424 MiB, 23034 MiB, 0 %
2026/10/07 22:56:37.137, 17424 MiB, 23034 MiB, 0 %
2026/10/07 22:56:39.138, 17424 MiB, 23034 MiB, 0 %
2026/10/07 22:56:41.139, 17424 MiB, 23034 MiB, 0 %
2026/10/07 22:56:43.140, 17424 MiB, 23034 MiB, 0 %
2026/10/07 22:56:45.141, 17424 MiB, 23034 MiB, 0 %
2026/10/07 22:56:47.142, 17424 MiB, 23034 MiB, 0 %
2026/10/07 22:56:49.143, 17424 MiB, 23034 MiB, 0 %
2026/10/07 22:56:51.144, 17424 MiB, 23034 MiB, 0 %
2026/10/07 22:56:53.144, 17424 MiB, 23034 MiB, 0 %
2026/10/07 22:56:55.145, 17424 MiB, 23034 MiB, 0 %
2026/10/07 22:56:57.146, 17424 MiB, 23034 MiB, 0 %
2026/10/07 22:56:59.147, 17424 MiB, 23034 MiB, 0 %
2026/10/07 22:57:01.148, 17424 MiB, 23034 MiB, 0 %
2026/10/07 22:57:03.149, 17424 MiB, 23034 MiB, 0 %
2026/10/07 22:57:05.149, 17424 MiB, 23034 MiB, 0 %
2026/10/07 22:57:07.150, 17424 MiB, 23034 MiB, 0 %
2026/10/07 22:57:09.151, 17424 MiB, 23034 MiB, 0 %
2026/10/07 22:57:11.152, 17424 MiB, 23034 MiB, 0 %
2026/10/07 22:57:13.153, 17424 MiB, 23034 MiB, 0 %
2026/10/07 22:57:15.154, 17424 MiB, 23034 MiB, 0 %
2026/10/07 22:57:17.155, 17424 MiB, 23034 MiB, 0 %
2026/10/07 22:57:19.155, 17424 MiB, 23034 MiB, 0 %
2026/10/07 22:57:21.156, 17424 MiB, 23034 MiB, 0 %
2026/10/07 22:57:23.157, 17424 MiB, 23034 MiB, 0 %
2026/10/07 22:57:25.158, 17424 MiB, 23034 MiB, 0 %
2026/10/07 22:57:27.160, 17424 MiB, 23034 MiB, 0 %
2026/10/07 22:57:29.160, 17424 MiB, 23034 MiB, 0 %
2026/10/07 22:57:31.161, 17424 MiB, 23034 MiB, 0 %
2026/10/07 22:57:33.162, 17424 MiB, 23034 MiB, 0 %
2026/10/07 22:57:35.163, 17424 MiB, 23034 MiB, 0 %
2026/10/07 22:57:37.164, 17424 MiB, 23034 MiB, 0 %
2026/10/07 22:57:39.165, 17424 MiB, 23034 MiB, 0 %
2026/10/07 22:57:41.166, 17424 MiB, 23034 MiB, 0 %
2026/10/07 22:57:43.167, 17424 MiB, 23034 MiB, 0 %
2026/10/07 22:57:45.167, 17424 MiB, 23034 MiB, 0 %
2026/10/07 22:57:47.168, 17424 MiB, 23034 MiB, 0 %
2026/10/07 22:57:49.169, 17424 MiB, 23034 MiB, 0 %
2026/10/07 22:57:51.170, 17424 MiB, 23034 MiB, 0 %
2026/10/07 22:57:53.171, 17424 MiB, 23034 MiB, 0 %
2026/10/07 22:57:55.172, 17424 MiB, 23034 MiB, 0 %
2026/10/07 22:57:57.173, 17424 MiB, 23034 MiB, 0 %
2026/10/07 22:57:59.174, 17424 MiB, 23034 MiB, 0 %
2026/10/07 22:58:01.174, 17424 MiB, 23034 MiB, 0 %
2026/10/07 22:58:03.175, 17424 MiB, 23034 MiB, 0 %
2026/10/07 22:58:05.176, 17424 MiB, 23034 MiB, 0 %
2026/10/07 22:58:07.177, 17424 MiB, 23034 MiB, 0 %
2026/10/07 22:58:09.178, 17424 MiB, 23034 MiB, 0 %
2026/10/07 22:58:11.179, 17424 MiB, 23034 MiB, 0 %
2026/10/07 22:58:13.179, 17424 MiB, 23034 MiB, 0 %
2026/10/07 22:58:15.180, 17424 MiB, 23034 MiB, 0 %
2026/10/07 22:58:17.181, 17424 MiB, 23034 MiB, 0 %
2026/10/07 22:58:19.182, 17424 MiB, 23034 MiB, 0 %
2026/10/07 22:58:21.183, 17424 MiB, 23034 MiB, 0 %
2026/10/07 22:58:23.184, 17424 MiB, 23034 MiB, 0 %
2026/10/07 22:58:25.185, 17424 MiB, 23034 MiB, 0 %
2026/10/07 22:58:27.186, 17424 MiB, 23034 MiB, 0 %
2026/10/07 22:58:29.187, 17424 MiB, 23034 MiB, 0 %
2026/10/07 22:58:31.188, 17424 MiB, 23034 MiB, 0 %
2026/10/07 22:58:33.189, 17424 MiB, 23034 MiB, 0 %
2026/10/07 22:58:35.190, 17424 MiB, 23034 MiB, 0 %
2026/10/07 22:58:37.191, 17424 MiB, 23034 MiB, 0 %
2026/10/07 22:58:39.192, 13345 MiB, 23034 MiB, 0 %
2026/10/07 22:58:41.193, 13345 MiB, 23034 MiB, 0 %
2026/10/07 22:58:43.194, 13345 MiB, 23034 MiB, 0 %
2026/10/07 22:58:45.194, 13345 MiB, 23034 MiB, 0 %
2026/10/07 22:58:47.195, 13345 MiB, 23034 MiB, 0 %
2026/10/07 22:58:49.196, 13345 MiB, 23034 MiB, 0 %
2026/10/07 22:58:51.197, 13345 MiB, 23034 MiB, 0 %
2026/10/07 22:58:53.198, 13345 MiB, 23034 MiB, 0 %
2026/10/07 22:58:55.199, 13345 MiB, 23034 MiB, 0 %
2026/10/07 22:58:57.200, 13345 MiB, 23034 MiB, 0 %
2026/10/07 22:58:59.201, 13345 MiB, 23034 MiB, 0 %
2026/10/07 22:59:01.201, 13345 MiB, 23034 MiB, 0 %
2026/10/07 22:59:03.202, 13345 MiB, 23034 MiB, 0 %
2026/10/07 22:59:05.203, 13345 MiB, 23034 MiB, 0 %
2026/10/07 22:59:07.204, 13345 MiB, 23034 MiB, 0 %
2026/10/07 22:59:09.205, 13345 MiB, 23034 MiB, 0 %
2026/10/07 22:59:11.206, 13345 MiB, 23034 MiB, 0 %
2026/10/07 22:59:13.207, 13345 MiB, 23034 MiB, 0 %
2026/10/07 22:59:15.207, 13345 MiB, 23034 MiB, 0 %
2026/10/07 22:59:17.208, 13345 MiB, 23034 MiB, 0 %
2026/10/07 22:59:19.209, 13345 MiB, 23034 MiB, 0 %
2026/10/07 22:59:21.210, 13345 MiB, 23034 MiB, 0 %
2026/10/07 22:59:23.211, 13345 MiB, 23034 MiB, 0 %
2026/10/07 22:59:25.212, 13345 MiB, 23034 MiB, 0 %
2026/10/07 22:59:27.213, 13345 MiB, 23034 MiB, 0 %
2026/10/07 22:59:29.213, 13345 MiB, 23034 MiB, 0 %
2026/10/07 22:59:31.214, 13345 MiB, 23034 MiB, 0 %
2026/10/07 22:59:33.215, 13345 MiB, 23034 MiB, 0 %
2026/10/07 22:59:35.216, 13345 MiB, 23034 MiB, 0 %
2026/10/07 22:59:37.217, 13345 MiB, 23034 MiB, 0 %
2026/10/07 22:59:39.218, 13345 MiB, 23034 MiB, 0 %
2026/10/07 22:59:41.219, 13345 MiB, 23034 MiB, 0 %
2026/10/07 22:59:43.220, 13345 MiB, 23034 MiB, 0 %
2026/10/07 22:59:45.221, 13345 MiB, 23034 MiB, 0 %
2026/10/07 22:59:47.221, 13345 MiB, 23034 MiB, 0 %
2026/10/07 22:59:49.222, 13345 MiB, 23034 MiB, 0 %
2026/10/07 22:59:51.223, 13345 MiB, 23034 MiB, 0 %
2026/10/07 22:59:53.224, 13345 MiB, 23034 MiB, 0 %
2026/10/07 22:59:55.225, 13345 MiB, 23034 MiB, 0 %
2026/10/07 22:59:57.225, 13345 MiB, 23034 MiB, 0 %
2026/10/07 22:59:59.226, 13345 MiB, 23034 MiB, 0 %
2026/10/07 23:00:01.228, 14696 MiB, 23034 MiB, 0 %
2026/10/07 23:00:03.229, 14696 MiB, 23034 MiB, 0 %
2026/10/07 23:00:05.230, 15764 MiB, 23034 MiB, 0 %
2026/10/07 23:00:07.230, 15764 MiB, 23034 MiB, 0 %
2026/10/07 23:00:09.231, 15896 MiB, 23034 MiB, 0 %
2026/10/07 23:00:11.232, 16868 MiB, 23034 MiB, 83 %
2026/10/07 23:00:13.233, 17148 MiB, 23034 MiB, 100 %
2026/10/07 23:00:15.234, 17278 MiB, 23034 MiB, 84 %
2026/10/07 23:00:17.235, 17418 MiB, 23034 MiB, 100 %
2026/10/07 23:00:19.236, 17418 MiB, 23034 MiB, 80 %
2026/10/07 23:00:21.237, 17418 MiB, 23034 MiB, 100 %
2026/10/07 23:00:23.237, 17418 MiB, 23034 MiB, 100 %
2026/10/07 23:00:25.238, 17418 MiB, 23034 MiB, 82 %
2026/10/07 23:00:27.239, 17418 MiB, 23034 MiB, 100 %
2026/10/07 23:00:29.241, 17418 MiB, 23034 MiB, 71 %
2026/10/07 23:00:31.243, 17418 MiB, 23034 MiB, 100 %
2026/10/07 23:00:33.244, 17418 MiB, 23034 MiB, 100 %
2026/10/07 23:00:35.245, 17418 MiB, 23034 MiB, 100 %
2026/10/07 23:00:37.246, 17418 MiB, 23034 MiB, 84 %
2026/10/07 23:00:39.246, 17418 MiB, 23034 MiB, 100 %
2026/10/07 23:00:41.247, 17418 MiB, 23034 MiB, 87 %
2026/10/07 23:00:43.248, 17418 MiB, 23034 MiB, 100 %
2026/10/07 23:00:45.249, 17418 MiB, 23034 MiB, 100 %
2026/10/07 23:00:47.250, 17418 MiB, 23034 MiB, 100 %
2026/10/07 23:00:49.250, 17418 MiB, 23034 MiB, 83 %
2026/10/07 23:00:51.251, 17418 MiB, 23034 MiB, 100 %
2026/10/07 23:00:53.252, 17418 MiB, 23034 MiB, 85 %
2026/10/07 23:00:55.253, 17418 MiB, 23034 MiB, 100 %
2026/10/07 23:00:57.254, 17418 MiB, 23034 MiB, 100 %
2026/10/07 23:00:59.254, 17418 MiB, 23034 MiB, 85 %
2026/10/07 23:01:01.255, 17418 MiB, 23034 MiB, 84 %
2026/10/07 23:01:03.256, 17418 MiB, 23034 MiB, 100 %
2026/10/07 23:01:05.256, 17418 MiB, 23034 MiB, 100 %
2026/10/07 23:01:07.257, 17418 MiB, 23034 MiB, 100 %
2026/10/07 23:01:09.258, 17418 MiB, 23034 MiB, 87 %
2026/10/07 23:01:11.258, 17418 MiB, 23034 MiB, 90 %
2026/10/07 23:01:13.259, 17418 MiB, 23034 MiB, 100 %
2026/10/07 23:01:15.260, 17418 MiB, 23034 MiB, 100 %
2026/10/07 23:01:17.261, 17418 MiB, 23034 MiB, 100 %
2026/10/07 23:01:19.262, 17418 MiB, 23034 MiB, 84 %
2026/10/07 23:01:21.262, 17418 MiB, 23034 MiB, 100 %
2026/10/07 23:01:23.263, 17418 MiB, 23034 MiB, 85 %
2026/10/07 23:01:25.264, 17418 MiB, 23034 MiB, 100 %
2026/10/07 23:01:27.265, 17418 MiB, 23034 MiB, 97 %
2026/10/07 23:01:29.266, 17418 MiB, 23034 MiB, 84 %
2026/10/07 23:01:31.267, 17418 MiB, 23034 MiB, 100 %
2026/10/07 23:01:33.268, 17418 MiB, 23034 MiB, 100 %
2026/10/07 23:01:35.269, 17418 MiB, 23034 MiB, 82 %
2026/10/07 23:01:37.270, 17418 MiB, 23034 MiB, 85 %
2026/10/07 23:01:39.271, 17418 MiB, 23034 MiB, 100 %
2026/10/07 23:01:41.271, 17418 MiB, 23034 MiB, 100 %
2026/10/07 23:01:43.272, 17418 MiB, 23034 MiB, 86 %
2026/10/07 23:01:45.273, 17418 MiB, 23034 MiB, 86 %
2026/10/07 23:01:47.274, 17418 MiB, 23034 MiB, 84 %
2026/10/07 23:01:49.274, 17418 MiB, 23034 MiB, 100 %
2026/10/07 23:01:51.275, 17418 MiB, 23034 MiB, 100 %
2026/10/07 23:01:53.276, 17418 MiB, 23034 MiB, 85 %
2026/10/07 23:01:55.277, 17418 MiB, 23034 MiB, 86 %
2026/10/07 23:01:57.277, 17418 MiB, 23034 MiB, 82 %
2026/10/07 23:01:59.278, 17418 MiB, 23034 MiB, 85 %
2026/10/07 23:02:01.279, 17418 MiB, 23034 MiB, 100 %
2026/10/07 23:02:03.280, 17418 MiB, 23034 MiB, 84 %
2026/10/07 23:02:05.280, 17418 MiB, 23034 MiB, 84 %
2026/10/07 23:02:07.281, 17418 MiB, 23034 MiB, 100 %
2026/10/07 23:02:09.282, 17418 MiB, 23034 MiB, 100 %
2026/10/07 23:02:11.283, 17418 MiB, 23034 MiB, 100 %
2026/10/07 23:02:13.284, 17418 MiB, 23034 MiB, 100 %
2026/10/07 23:02:15.284, 17418 MiB, 23034 MiB, 100 %
2026/10/07 23:02:17.285, 17418 MiB, 23034 MiB, 100 %
2026/10/07 23:02:19.286, 17418 MiB, 23034 MiB, 100 %
2026/10/07 23:02:21.287, 17418 MiB, 23034 MiB, 85 %
2026/10/07 23:02:23.287, 17418 MiB, 23034 MiB, 85 %
2026/10/07 23:02:25.288, 17418 MiB, 23034 MiB, 85 %
2026/10/07 23:02:27.289, 17418 MiB, 23034 MiB, 86 %
2026/10/07 23:02:29.290, 17418 MiB, 23034 MiB, 92 %
2026/10/07 23:02:31.290, 17418 MiB, 23034 MiB, 75 %
2026/10/07 23:02:33.291, 17418 MiB, 23034 MiB, 100 %
2026/10/07 23:02:35.292, 17418 MiB, 23034 MiB, 99 %
2026/10/07 23:02:37.293, 17418 MiB, 23034 MiB, 85 %
2026/10/07 23:02:39.293, 17418 MiB, 23034 MiB, 85 %
2026/10/07 23:02:41.294, 17418 MiB, 23034 MiB, 100 %
2026/10/07 23:02:43.295, 17418 MiB, 23034 MiB, 100 %
2026/10/07 23:02:45.296, 17418 MiB, 23034 MiB, 100 %
2026/10/07 23:02:47.297, 17418 MiB, 23034 MiB, 84 %
2026/10/07 23:02:49.297, 17418 MiB, 23034 MiB, 100 %
2026/10/07 23:02:51.298, 17418 MiB, 23034 MiB, 100 %
2026/10/07 23:02:53.299, 17418 MiB, 23034 MiB, 85 %
2026/10/07 23:02:55.300, 17418 MiB, 23034 MiB, 85 %
2026/10/07 23:02:57.300, 17418 MiB, 23034 MiB, 93 %
2026/10/07 23:02:59.301, 17418 MiB, 23034 MiB, 100 %
2026/10/07 23:03:01.302, 17418 MiB, 23034 MiB, 100 %
2026/10/07 23:03:03.303, 17418 MiB, 23034 MiB, 85 %
2026/10/07 23:03:05.303, 17418 MiB, 23034 MiB, 90 %
2026/10/07 23:03:07.304, 17418 MiB, 23034 MiB, 100 %
2026/10/07 23:03:09.304, 17418 MiB, 23034 MiB, 100 %
2026/10/07 23:03:11.305, 17418 MiB, 23034 MiB, 84 %
2026/10/07 23:03:13.306, 17418 MiB, 23034 MiB, 90 %
2026/10/07 23:03:15.307, 17418 MiB, 23034 MiB, 100 %
2026/10/07 23:03:17.308, 17418 MiB, 23034 MiB, 100 %
2026/10/07 23:03:19.308, 17418 MiB, 23034 MiB, 100 %
2026/10/07 23:03:21.309, 17418 MiB, 23034 MiB, 78 %
2026/10/07 23:03:23.310, 17418 MiB, 23034 MiB, 100 %
2026/10/07 23:03:25.311, 17418 MiB, 23034 MiB, 100 %
2026/10/07 23:03:27.311, 17418 MiB, 23034 MiB, 84 %
2026/10/07 23:03:29.312, 17418 MiB, 23034 MiB, 93 %
2026/10/07 23:03:31.313, 17418 MiB, 23034 MiB, 100 %
2026/10/07 23:03:33.314, 17418 MiB, 23034 MiB, 100 %
2026/10/07 23:03:35.317, 17418 MiB, 23034 MiB, 100 %
2026/10/07 23:03:37.318, 17418 MiB, 23034 MiB, 100 %
2026/10/07 23:03:39.319, 17418 MiB, 23034 MiB, 100 %
2026/10/07 23:03:41.319, 17418 MiB, 23034 MiB, 100 %
2026/10/07 23:03:43.320, 17418 MiB, 23034 MiB, 100 %
2026/10/07 23:03:45.321, 17418 MiB, 23034 MiB, 100 %
2026/10/07 23:03:47.322, 17418 MiB, 23034 MiB, 99 %
2026/10/07 23:03:49.323, 17418 MiB, 23034 MiB, 84 %
2026/10/07 23:03:51.323, 17418 MiB, 23034 MiB, 85 %
2026/10/07 23:03:53.324, 17418 MiB, 23034 MiB, 87 %
2026/10/07 23:03:55.325, 17418 MiB, 23034 MiB, 100 %
2026/10/07 23:03:57.326, 17418 MiB, 23034 MiB, 95 %
2026/10/07 23:03:59.327, 17418 MiB, 23034 MiB, 86 %
2026/10/07 23:04:01.327, 17418 MiB, 23034 MiB, 85 %
2026/10/07 23:04:03.328, 17418 MiB, 23034 MiB, 86 %
2026/10/07 23:04:05.329, 17418 MiB, 23034 MiB, 85 %
2026/10/07 23:04:07.330, 17418 MiB, 23034 MiB, 85 %
2026/10/07 23:04:09.331, 17418 MiB, 23034 MiB, 86 %
2026/10/07 23:04:11.331, 17418 MiB, 23034 MiB, 100 %
2026/10/07 23:04:13.332, 17418 MiB, 23034 MiB, 87 %
2026/10/07 23:04:15.333, 17418 MiB, 23034 MiB, 85 %
2026/10/07 23:04:17.334, 17418 MiB, 23034 MiB, 87 %
2026/10/07 23:04:19.335, 17418 MiB, 23034 MiB, 100 %
2026/10/07 23:04:21.336, 17418 MiB, 23034 MiB, 97 %
2026/10/07 23:04:23.336, 17418 MiB, 23034 MiB, 85 %
2026/10/07 23:04:25.337, 17418 MiB, 23034 MiB, 86 %
2026/10/07 23:04:27.338, 17418 MiB, 23034 MiB, 98 %
2026/10/07 23:04:29.338, 17418 MiB, 23034 MiB, 86 %
2026/10/07 23:04:31.339, 17418 MiB, 23034 MiB, 86 %
2026/10/07 23:04:33.339, 17418 MiB, 23034 MiB, 86 %
2026/10/07 23:04:35.340, 17418 MiB, 23034 MiB, 100 %
2026/10/07 23:04:37.341, 17418 MiB, 23034 MiB, 86 %
2026/10/07 23:04:39.342, 17418 MiB, 23034 MiB, 100 %
2026/10/07 23:04:41.343, 17418 MiB, 23034 MiB, 84 %
2026/10/07 23:04:43.344, 17418 MiB, 23034 MiB, 100 %
2026/10/07 23:04:45.345, 17418 MiB, 23034 MiB, 85 %
2026/10/07 23:04:47.346, 17418 MiB, 23034 MiB, 88 %
2026/10/07 23:04:49.346, 17418 MiB, 23034 MiB, 85 %
2026/10/07 23:04:51.347, 17418 MiB, 23034 MiB, 86 %
2026/10/07 23:04:53.348, 17418 MiB, 23034 MiB, 77 %
2026/10/07 23:04:55.349, 17418 MiB, 23034 MiB, 86 %
2026/10/07 23:04:57.349, 17418 MiB, 23034 MiB, 87 %
2026/10/07 23:04:59.350, 17418 MiB, 23034 MiB, 86 %
2026/10/07 23:05:01.351, 17418 MiB, 23034 MiB, 100 %
2026/10/07 23:05:03.352, 17418 MiB, 23034 MiB, 100 %
2026/10/07 23:05:05.353, 17418 MiB, 23034 MiB, 100 %
2026/10/07 23:05:07.354, 17418 MiB, 23034 MiB, 100 %
2026/10/07 23:05:09.355, 17418 MiB, 23034 MiB, 87 %
2026/10/07 23:05:11.355, 17418 MiB, 23034 MiB, 100 %
2026/10/07 23:05:13.356, 17418 MiB, 23034 MiB, 100 %
2026/10/07 23:05:15.357, 17418 MiB, 23034 MiB, 87 %
2026/10/07 23:05:17.358, 17418 MiB, 23034 MiB, 100 %
2026/10/07 23:05:19.359, 17418 MiB, 23034 MiB, 100 %
2026/10/07 23:05:21.360, 17418 MiB, 23034 MiB, 96 %
2026/10/07 23:05:23.360, 17418 MiB, 23034 MiB, 100 %
2026/10/07 23:05:25.361, 17418 MiB, 23034 MiB, 100 %
2026/10/07 23:05:27.362, 17418 MiB, 23034 MiB, 85 %
2026/10/07 23:05:29.363, 17418 MiB, 23034 MiB, 86 %
2026/10/07 23:05:31.364, 17418 MiB, 23034 MiB, 86 %
2026/10/07 23:05:33.364, 17418 MiB, 23034 MiB, 86 %
2026/10/07 23:05:35.365, 17418 MiB, 23034 MiB, 100 %
2026/10/07 23:05:37.366, 17418 MiB, 23034 MiB, 87 %
2026/10/07 23:05:39.367, 17418 MiB, 23034 MiB, 88 %
2026/10/07 23:05:41.368, 17418 MiB, 23034 MiB, 100 %
2026/10/07 23:05:43.369, 17418 MiB, 23034 MiB, 87 %
2026/10/07 23:05:45.369, 17418 MiB, 23034 MiB, 87 %
2026/10/07 23:05:47.370, 17418 MiB, 23034 MiB, 99 %
2026/10/07 23:05:49.371, 17418 MiB, 23034 MiB, 85 %
2026/10/07 23:05:51.372, 17418 MiB, 23034 MiB, 91 %
2026/10/07 23:05:53.373, 17418 MiB, 23034 MiB, 0 %
2026/10/07 23:05:55.373, 17418 MiB, 23034 MiB, 0 %
2026/10/07 23:05:57.374, 17418 MiB, 23034 MiB, 0 %
2026/10/07 23:05:59.374, 17418 MiB, 23034 MiB, 0 %
2026/10/07 23:06:01.375, 17418 MiB, 23034 MiB, 0 %
2026/10/07 23:06:03.375, 17418 MiB, 23034 MiB, 0 %
2026/10/07 23:06:05.376, 17418 MiB, 23034 MiB, 0 %
2026/10/07 23:06:07.377, 17418 MiB, 23034 MiB, 0 %
2026/10/07 23:06:09.378, 17418 MiB, 23034 MiB, 10 %
2026/10/07 23:06:11.378, 17420 MiB, 23034 MiB, 41 %
2026/10/07 23:06:13.379, 17420 MiB, 23034 MiB, 34 %
2026/10/07 23:06:15.380, 17420 MiB, 23034 MiB, 25 %
2026/10/07 23:06:17.381, 17420 MiB, 23034 MiB, 93 %
2026/10/07 23:06:19.382, 17420 MiB, 23034 MiB, 94 %
2026/10/07 23:06:21.383, 17420 MiB, 23034 MiB, 94 %
2026/10/07 23:06:23.383, 17422 MiB, 23034 MiB, 93 %
2026/10/07 23:06:25.384, 17422 MiB, 23034 MiB, 45 %
2026/10/07 23:06:27.385, 17422 MiB, 23034 MiB, 65 %
2026/10/07 23:06:29.386, 17422 MiB, 23034 MiB, 93 %
2026/10/07 23:06:31.387, 17422 MiB, 23034 MiB, 38 %
2026/10/07 23:06:33.388, 17422 MiB, 23034 MiB, 93 %
2026/10/07 23:06:35.388, 17422 MiB, 23034 MiB, 94 %
2026/10/07 23:06:37.389, 17422 MiB, 23034 MiB, 93 %
2026/10/07 23:06:39.390, 17422 MiB, 23034 MiB, 94 %
2026/10/07 23:06:41.391, 17422 MiB, 23034 MiB, 94 %
2026/10/07 23:06:43.392, 17422 MiB, 23034 MiB, 94 %
2026/10/07 23:06:45.393, 17424 MiB, 23034 MiB, 94 %
2026/10/07 23:06:47.393, 17424 MiB, 23034 MiB, 94 %
2026/10/07 23:06:49.394, 17424 MiB, 23034 MiB, 93 %
2026/10/07 23:06:51.395, 17424 MiB, 23034 MiB, 94 %
2026/10/07 23:06:53.396, 17424 MiB, 23034 MiB, 93 %
2026/10/07 23:06:55.397, 17424 MiB, 23034 MiB, 94 %
2026/10/07 23:06:57.398, 17424 MiB, 23034 MiB, 94 %
2026/10/07 23:06:59.398, 17424 MiB, 23034 MiB, 9 %
2026/10/07 23:07:01.399, 17424 MiB, 23034 MiB, 94 %
2026/10/07 23:07:03.400, 17424 MiB, 23034 MiB, 94 %
2026/10/07 23:07:05.401, 17424 MiB, 23034 MiB, 94 %
2026/10/07 23:07:07.402, 17424 MiB, 23034 MiB, 94 %
2026/10/07 23:07:09.402, 17424 MiB, 23034 MiB, 94 %
2026/10/07 23:07:11.403, 17424 MiB, 23034 MiB, 94 %
2026/10/07 23:07:13.404, 17424 MiB, 23034 MiB, 93 %
2026/10/07 23:07:15.405, 17424 MiB, 23034 MiB, 94 %
2026/10/07 23:07:17.406, 17424 MiB, 23034 MiB, 94 %
2026/10/07 23:07:19.407, 17424 MiB, 23034 MiB, 94 %
2026/10/07 23:07:21.407, 17424 MiB, 23034 MiB, 94 %
2026/10/07 23:07:23.408, 17424 MiB, 23034 MiB, 9 %
2026/10/07 23:07:25.409, 17424 MiB, 23034 MiB, 94 %
2026/10/07 23:07:27.410, 17424 MiB, 23034 MiB, 0 %
2026/10/07 23:07:29.411, 17424 MiB, 23034 MiB, 0 %
2026/10/07 23:07:31.412, 17424 MiB, 23034 MiB, 0 %
2026/10/07 23:07:33.413, 17424 MiB, 23034 MiB, 0 %
2026/10/07 23:07:35.414, 17424 MiB, 23034 MiB, 0 %
2026/10/07 23:07:37.414, 17424 MiB, 23034 MiB, 0 %
2026/10/07 23:07:39.415, 17424 MiB, 23034 MiB, 0 %
2026/10/07 23:07:41.418, 17424 MiB, 23034 MiB, 0 %
2026/10/07 23:07:43.419, 17424 MiB, 23034 MiB, 0 %
2026/10/07 23:07:45.420, 17424 MiB, 23034 MiB, 0 %
2026/10/07 23:07:47.421, 17424 MiB, 23034 MiB, 0 %
2026/10/07 23:07:49.421, 17424 MiB, 23034 MiB, 0 %
2026/10/07 23:07:51.422, 17424 MiB, 23034 MiB, 0 %
2026/10/07 23:07:53.423, 17424 MiB, 23034 MiB, 0 %
2026/10/07 23:07:55.424, 17424 MiB, 23034 MiB, 0 %
2026/10/07 23:07:57.425, 17424 MiB, 23034 MiB, 0 %
2026/10/07 23:07:59.425, 17424 MiB, 23034 MiB, 0 %
2026/10/07 23:08:01.426, 17424 MiB, 23034 MiB, 0 %
2026/10/07 23:08:03.427, 17424 MiB, 23034 MiB, 0 %
2026/10/07 23:08:05.428, 17424 MiB, 23034 MiB, 0 %
2026/10/07 23:08:07.429, 17424 MiB, 23034 MiB, 0 %
2026/10/07 23:08:09.430, 17424 MiB, 23034 MiB, 0 %
2026/10/07 23:08:11.431, 17424 MiB, 23034 MiB, 0 %
2026/10/07 23:08:13.431, 17424 MiB, 23034 MiB, 0 %
2026/10/07 23:08:15.432, 17424 MiB, 23034 MiB, 9 %
2026/10/07 23:08:17.433, 17424 MiB, 23034 MiB, 34 %
2026/10/07 23:08:19.434, 17424 MiB, 23034 MiB, 93 %
2026/10/07 23:08:21.435, 17424 MiB, 23034 MiB, 21 %
2026/10/07 23:08:23.435, 17424 MiB, 23034 MiB, 18 %
2026/10/07 23:08:25.436, 17424 MiB, 23034 MiB, 92 %
2026/10/07 23:08:27.437, 17424 MiB, 23034 MiB, 68 %
2026/10/07 23:08:29.438, 17424 MiB, 23034 MiB, 76 %
2026/10/07 23:08:31.439, 17424 MiB, 23034 MiB, 93 %
2026/10/07 23:08:33.440, 17424 MiB, 23034 MiB, 93 %
2026/10/07 23:08:35.441, 17424 MiB, 23034 MiB, 92 %
2026/10/07 23:08:37.442, 17424 MiB, 23034 MiB, 94 %
2026/10/07 23:08:39.442, 17424 MiB, 23034 MiB, 94 %
2026/10/07 23:08:41.443, 17424 MiB, 23034 MiB, 47 %
2026/10/07 23:08:43.445, 17424 MiB, 23034 MiB, 94 %
2026/10/07 23:08:45.445, 17424 MiB, 23034 MiB, 94 %
2026/10/07 23:08:47.446, 17424 MiB, 23034 MiB, 92 %
2026/10/07 23:08:49.447, 17424 MiB, 23034 MiB, 94 %
2026/10/07 23:08:51.448, 17424 MiB, 23034 MiB, 94 %
2026/10/07 23:08:53.449, 17424 MiB, 23034 MiB, 93 %
2026/10/07 23:08:55.449, 17424 MiB, 23034 MiB, 81 %
2026/10/07 23:08:57.450, 17424 MiB, 23034 MiB, 94 %
2026/10/07 23:08:59.451, 17424 MiB, 23034 MiB, 41 %
2026/10/07 23:09:01.452, 17424 MiB, 23034 MiB, 94 %
2026/10/07 23:09:03.453, 17424 MiB, 23034 MiB, 94 %
2026/10/07 23:09:05.453, 17424 MiB, 23034 MiB, 94 %
2026/10/07 23:09:07.454, 17424 MiB, 23034 MiB, 94 %
2026/10/07 23:09:09.455, 17424 MiB, 23034 MiB, 94 %
2026/10/07 23:09:11.456, 17424 MiB, 23034 MiB, 93 %
2026/10/07 23:09:13.457, 17424 MiB, 23034 MiB, 60 %
2026/10/07 23:09:15.457, 17424 MiB, 23034 MiB, 94 %
2026/10/07 23:09:17.458, 17424 MiB, 23034 MiB, 92 %
2026/10/07 23:09:19.459, 17424 MiB, 23034 MiB, 94 %
2026/10/07 23:09:21.460, 17424 MiB, 23034 MiB, 58 %
2026/10/07 23:09:23.461, 17424 MiB, 23034 MiB, 92 %
2026/10/07 23:09:25.461, 17424 MiB, 23034 MiB, 94 %
2026/10/07 23:09:27.462, 17424 MiB, 23034 MiB, 94 %
2026/10/07 23:09:29.463, 17424 MiB, 23034 MiB, 94 %
2026/10/07 23:09:31.464, 17424 MiB, 23034 MiB, 93 %
2026/10/07 23:09:33.465, 17424 MiB, 23034 MiB, 92 %
2026/10/07 23:09:35.466, 17424 MiB, 23034 MiB, 94 %
2026/10/07 23:09:37.466, 17424 MiB, 23034 MiB, 93 %
2026/10/07 23:09:39.467, 17424 MiB, 23034 MiB, 94 %
2026/10/07 23:09:41.468, 17424 MiB, 23034 MiB, 93 %
2026/10/07 23:09:43.469, 17424 MiB, 23034 MiB, 0 %
2026/10/07 23:09:45.470, 17424 MiB, 23034 MiB, 0 %
2026/10/07 23:09:47.471, 17424 MiB, 23034 MiB, 0 %
2026/10/07 23:09:49.472, 17424 MiB, 23034 MiB, 0 %
2026/10/07 23:09:51.473, 17424 MiB, 23034 MiB, 0 %
2026/10/07 23:09:53.474, 17424 MiB, 23034 MiB, 0 %
2026/10/07 23:09:55.474, 17424 MiB, 23034 MiB, 0 %
2026/10/07 23:09:57.475, 17424 MiB, 23034 MiB, 0 %
2026/10/07 23:09:59.476, 17424 MiB, 23034 MiB, 0 %
2026/10/07 23:10:01.477, 17424 MiB, 23034 MiB, 0 %
2026/10/07 23:10:03.478, 17424 MiB, 23034 MiB, 0 %
2026/10/07 23:10:05.479, 17424 MiB, 23034 MiB, 0 %
2026/10/07 23:10:07.480, 17424 MiB, 23034 MiB, 0 %
2026/10/07 23:10:09.481, 17424 MiB, 23034 MiB, 0 %
2026/10/07 23:10:11.482, 17424 MiB, 23034 MiB, 0 %
2026/10/07 23:10:13.482, 17424 MiB, 23034 MiB, 0 %
2026/10/07 23:10:15.483, 17424 MiB, 23034 MiB, 0 %
2026/10/07 23:10:17.485, 17424 MiB, 23034 MiB, 0 %
2026/10/07 23:10:19.486, 17424 MiB, 23034 MiB, 0 %
2026/10/07 23:10:21.487, 17424 MiB, 23034 MiB, 0 %
2026/10/07 23:10:23.488, 17424 MiB, 23034 MiB, 0 %
2026/10/07 23:10:25.489, 17424 MiB, 23034 MiB, 0 %
2026/10/07 23:10:27.490, 17424 MiB, 23034 MiB, 0 %
2026/10/07 23:10:29.491, 17424 MiB, 23034 MiB, 0 %
2026/10/07 23:10:31.492, 17424 MiB, 23034 MiB, 0 %
2026/10/07 23:10:33.492, 17424 MiB, 23034 MiB, 0 %
2026/10/07 23:10:35.493, 17424 MiB, 23034 MiB, 0 %
2026/10/07 23:10:37.494, 17424 MiB, 23034 MiB, 0 %
2026/10/07 23:10:39.495, 17424 MiB, 23034 MiB, 0 %
2026/10/07 23:10:41.496, 17424 MiB, 23034 MiB, 0 %
2026/10/07 23:10:43.496, 17424 MiB, 23034 MiB, 0 %
2026/10/07 23:10:45.499, 17424 MiB, 23034 MiB, 0 %
2026/10/07 23:10:47.500, 17424 MiB, 23034 MiB, 0 %
2026/10/07 23:10:49.501, 17424 MiB, 23034 MiB, 0 %
2026/10/07 23:10:51.501, 17424 MiB, 23034 MiB, 0 %
2026/10/07 23:10:53.502, 17424 MiB, 23034 MiB, 0 %
2026/10/07 23:10:55.503, 17424 MiB, 23034 MiB, 0 %
2026/10/07 23:10:57.504, 17424 MiB, 23034 MiB, 0 %
2026/10/07 23:10:59.505, 17424 MiB, 23034 MiB, 0 %
2026/10/07 23:11:01.506, 17424 MiB, 23034 MiB, 0 %
2026/10/07 23:11:03.507, 17424 MiB, 23034 MiB, 0 %
2026/10/07 23:11:05.508, 17424 MiB, 23034 MiB, 0 %
2026/10/07 23:11:07.508, 17424 MiB, 23034 MiB, 0 %
2026/10/07 23:11:09.509, 17424 MiB, 23034 MiB, 0 %
2026/10/07 23:11:11.512, 17424 MiB, 23034 MiB, 0 %
2026/10/07 23:11:13.513, 17424 MiB, 23034 MiB, 0 %
2026/10/07 23:11:15.514, 17424 MiB, 23034 MiB, 0 %
2026/10/07 23:11:17.514, 17424 MiB, 23034 MiB, 0 %
2026/10/07 23:11:19.515, 17424 MiB, 23034 MiB, 0 %
2026/10/07 23:11:21.516, 17424 MiB, 23034 MiB, 0 %
2026/10/07 23:11:23.517, 17424 MiB, 23034 MiB, 0 %
2026/10/07 23:11:25.518, 17424 MiB, 23034 MiB, 0 %
2026/10/07 23:11:27.519, 17424 MiB, 23034 MiB, 0 %
2026/10/07 23:11:29.520, 17424 MiB, 23034 MiB, 0 %
2026/10/07 23:11:31.521, 17424 MiB, 23034 MiB, 0 %
2026/10/07 23:11:33.522, 17424 MiB, 23034 MiB, 0 %
2026/10/07 23:11:35.523, 17424 MiB, 23034 MiB, 0 %
2026/10/07 23:11:37.524, 17424 MiB, 23034 MiB, 0 %
2026/10/07 23:11:39.525, 17424 MiB, 23034 MiB, 0 %
2026/10/07 23:11:41.525, 17424 MiB, 23034 MiB, 0 %
2026/10/07 23:11:43.526, 17424 MiB, 23034 MiB, 0 %
2026/10/07 23:11:45.527, 17424 MiB, 23034 MiB, 0 %
2026/10/07 23:11:47.528, 17424 MiB, 23034 MiB, 0 %
2026/10/07 23:11:49.529, 17424 MiB, 23034 MiB, 0 %
2026/10/07 23:11:51.530, 17424 MiB, 23034 MiB, 0 %
2026/10/07 23:11:53.530, 17424 MiB, 23034 MiB, 0 %
2026/10/07 23:11:55.531, 17424 MiB, 23034 MiB, 0 %
2026/10/07 23:11:57.532, 17424 MiB, 23034 MiB, 0 %
2026/10/07 23:11:59.533, 17424 MiB, 23034 MiB, 0 %
2026/10/07 23:12:01.534, 17424 MiB, 23034 MiB, 0 %
2026/10/07 23:12:03.535, 17424 MiB, 23034 MiB, 0 %
2026/10/07 23:12:05.535, 17424 MiB, 23034 MiB, 0 %
2026/10/07 23:12:07.536, 17424 MiB, 23034 MiB, 0 %
2026/10/07 23:12:09.537, 17424 MiB, 23034 MiB, 0 %
2026/10/07 23:12:11.538, 17424 MiB, 23034 MiB, 0 %
2026/10/07 23:12:13.539, 17424 MiB, 23034 MiB, 0 %
2026/10/07 23:12:15.540, 17424 MiB, 23034 MiB, 0 %
2026/10/07 23:12:17.540, 17424 MiB, 23034 MiB, 0 %
2026/10/07 23:12:19.541, 17424 MiB, 23034 MiB, 0 %
2026/10/07 23:12:21.542, 17424 MiB, 23034 MiB, 0 %
2026/10/07 23:12:23.545, 17424 MiB, 23034 MiB, 0 %
2026/10/07 23:12:25.545, 17424 MiB, 23034 MiB, 0 %
2026/10/07 23:12:27.546, 17424 MiB, 23034 MiB, 0 %
2026/10/07 23:12:29.547, 17424 MiB, 23034 MiB, 0 %
2026/10/07 23:12:31.548, 17424 MiB, 23034 MiB, 0 %
2026/10/07 23:12:33.549, 17424 MiB, 23034 MiB, 0 %
2026/10/07 23:12:35.549, 17424 MiB, 23034 MiB, 0 %
2026/10/07 23:12:37.550, 17424 MiB, 23034 MiB, 0 %
2026/10/07 23:12:39.551, 17424 MiB, 23034 MiB, 0 %
2026/10/07 23:12:41.552, 17424 MiB, 23034 MiB, 0 %
2026/10/07 23:12:43.552, 17424 MiB, 23034 MiB, 0 %
2026/10/07 23:12:45.553, 17424 MiB, 23034 MiB, 0 %
2026/10/07 23:12:47.554, 17424 MiB, 23034 MiB, 0 %
2026/10/07 23:12:49.555, 17424 MiB, 23034 MiB, 0 %
2026/10/07 23:12:51.556, 17424 MiB, 23034 MiB, 0 %
2026/10/07 23:12:53.557, 17424 MiB, 23034 MiB, 0 %
2026/10/07 23:12:55.558, 17424 MiB, 23034 MiB, 0 %
2026/10/07 23:12:57.558, 17424 MiB, 23034 MiB, 0 %
2026/10/07 23:12:59.559, 17424 MiB, 23034 MiB, 0 %
2026/10/07 23:13:01.560, 17424 MiB, 23034 MiB, 0 %
2026/10/07 23:13:03.561, 17424 MiB, 23034 MiB, 0 %
2026/10/07 23:13:05.562, 17424 MiB, 23034 MiB, 0 %
2026/10/07 23:13:07.563, 17424 MiB, 23034 MiB, 0 %
2026/10/07 23:13:09.563, 17424 MiB, 23034 MiB, 0 %
2026/10/07 23:13:11.564, 17424 MiB, 23034 MiB, 0 %
2026/10/07 23:13:13.565, 17424 MiB, 23034 MiB, 0 %
2026/10/07 23:13:15.566, 17424 MiB, 23034 MiB, 0 %
2026/10/07 23:13:17.567, 17424 MiB, 23034 MiB, 0 %
2026/10/07 23:13:19.568, 17424 MiB, 23034 MiB, 0 %
2026/10/07 23:13:21.568, 17424 MiB, 23034 MiB, 0 %
2026/10/07 23:13:23.569, 17424 MiB, 23034 MiB, 0 %
2026/10/07 23:13:25.570, 17424 MiB, 23034 MiB, 0 %
2026/10/07 23:13:27.571, 17424 MiB, 23034 MiB, 0 %
2026/10/07 23:13:29.572, 17424 MiB, 23034 MiB, 0 %
2026/10/07 23:13:31.573, 17424 MiB, 23034 MiB, 0 %
2026/10/07 23:13:33.573, 17424 MiB, 23034 MiB, 0 %
2026/10/07 23:13:35.574, 17424 MiB, 23034 MiB, 0 %
2026/10/07 23:13:37.575, 17424 MiB, 23034 MiB, 0 %
2026/10/07 23:13:39.576, 17424 MiB, 23034 MiB, 0 %
2026/10/07 23:13:41.576, 17424 MiB, 23034 MiB, 0 %
2026/10/07 23:13:43.577, 17424 MiB, 23034 MiB, 0 %
2026/10/07 23:13:45.579, 17424 MiB, 23034 MiB, 0 %
2026/10/07 23:13:47.580, 17424 MiB, 23034 MiB, 0 %
2026/10/07 23:13:49.582, 17424 MiB, 23034 MiB, 0 %
2026/10/07 23:13:51.585, 17424 MiB, 23034 MiB, 0 %
2026/10/07 23:13:53.586, 17424 MiB, 23034 MiB, 0 %
2026/10/07 23:13:55.587, 17424 MiB, 23034 MiB, 0 %
2026/10/07 23:13:57.587, 17424 MiB, 23034 MiB, 0 %
2026/10/07 23:13:59.588, 17424 MiB, 23034 MiB, 0 %
2026/10/07 23:14:01.589, 17424 MiB, 23034 MiB, 0 %
2026/10/07 23:14:03.590, 17424 MiB, 23034 MiB, 0 %
2026/10/07 23:14:05.591, 17424 MiB, 23034 MiB, 0 %
2026/10/07 23:14:07.591, 17424 MiB, 23034 MiB, 0 %
2026/10/07 23:14:09.592, 17424 MiB, 23034 MiB, 0 %
2026/10/07 23:14:11.593, 17424 MiB, 23034 MiB, 0 %
2026/10/07 23:14:13.594, 17424 MiB, 23034 MiB, 0 %
2026/10/07 23:14:15.595, 17424 MiB, 23034 MiB, 0 %
2026/10/07 23:14:17.596, 17424 MiB, 23034 MiB, 0 %
2026/10/07 23:14:19.596, 17424 MiB, 23034 MiB, 0 %
2026/10/07 23:14:21.597, 17424 MiB, 23034 MiB, 0 %
2026/10/07 23:14:23.598, 17424 MiB, 23034 MiB, 0 %
2026/10/07 23:14:25.599, 17424 MiB, 23034 MiB, 0 %
2026/10/07 23:14:27.600, 17424 MiB, 23034 MiB, 0 %
2026/10/07 23:14:29.600, 17424 MiB, 23034 MiB, 0 %
2026/10/07 23:14:31.601, 17424 MiB, 23034 MiB, 0 %
2026/10/07 23:14:33.602, 17424 MiB, 23034 MiB, 0 %
2026/10/07 23:14:35.603, 17424 MiB, 23034 MiB, 0 %
2026/10/07 23:14:37.604, 17424 MiB, 23034 MiB, 0 %
2026/10/07 23:14:39.605, 17424 MiB, 23034 MiB, 0 %
2026/10/07 23:14:41.606, 17424 MiB, 23034 MiB, 0 %
2026/10/07 23:14:43.607, 17424 MiB, 23034 MiB, 0 %
2026/10/07 23:14:45.608, 17424 MiB, 23034 MiB, 0 %
2026/10/07 23:14:47.608, 17424 MiB, 23034 MiB, 0 %
2026/10/07 23:14:49.609, 17424 MiB, 23034 MiB, 0 %
2026/10/07 23:14:51.610, 17424 MiB, 23034 MiB, 0 %
2026/10/07 23:14:53.611, 17424 MiB, 23034 MiB, 0 %
2026/10/07 23:14:55.612, 17424 MiB, 23034 MiB, 0 %
2026/10/07 23:14:57.612, 17424 MiB, 23034 MiB, 0 %
2026/10/07 23:14:59.613, 17424 MiB, 23034 MiB, 0 %
2026/10/07 23:15:01.614, 17424 MiB, 23034 MiB, 0 %
2026/10/07 23:15:03.615, 17424 MiB, 23034 MiB, 0 %
2026/10/07 23:15:05.616, 17424 MiB, 23034 MiB, 0 %
2026/10/07 23:15:07.617, 17424 MiB, 23034 MiB, 0 %
2026/10/07 23:15:09.617, 17424 MiB, 23034 MiB, 0 %
2026/10/07 23:15:11.618, 17424 MiB, 23034 MiB, 0 %
2026/10/07 23:15:13.619, 17424 MiB, 23034 MiB, 0 %
2026/10/07 23:15:15.620, 17424 MiB, 23034 MiB, 0 %
2026/10/07 23:15:17.620, 17424 MiB, 23034 MiB, 0 %
2026/10/07 23:15:19.621, 17424 MiB, 23034 MiB, 0 %
2026/10/07 23:15:21.622, 17424 MiB, 23034 MiB, 0 %
2026/10/07 23:15:23.623, 17424 MiB, 23034 MiB, 0 %
2026/10/07 23:15:25.623, 17424 MiB, 23034 MiB, 0 %
2026/10/07 23:15:27.624, 17424 MiB, 23034 MiB, 0 %
2026/10/07 23:15:29.625, 17424 MiB, 23034 MiB, 0 %
2026/10/07 23:15:31.626, 17424 MiB, 23034 MiB, 0 %
2026/10/07 23:15:33.627, 17424 MiB, 23034 MiB, 0 %
2026/10/07 23:15:35.628, 17424 MiB, 23034 MiB, 0 %
2026/10/07 23:15:37.629, 17424 MiB, 23034 MiB, 0 %
2026/10/07 23:15:39.629, 17424 MiB, 23034 MiB, 0 %
2026/10/07 23:15:41.630, 17424 MiB, 23034 MiB, 0 %
2026/10/07 23:15:43.631, 17424 MiB, 23034 MiB, 0 %
2026/10/07 23:15:45.632, 17424 MiB, 23034 MiB, 0 %
2026/10/07 23:15:47.633, 17424 MiB, 23034 MiB, 0 %
2026/10/07 23:15:49.633, 17424 MiB, 23034 MiB, 0 %
2026/10/07 23:15:51.634, 17424 MiB, 23034 MiB, 0 %
2026/10/07 23:15:53.636, 17424 MiB, 23034 MiB, 0 %
2026/10/07 23:15:55.637, 17424 MiB, 23034 MiB, 0 %
2026/10/07 23:15:57.638, 17424 MiB, 23034 MiB, 0 %
2026/10/07 23:15:59.639, 17424 MiB, 23034 MiB, 0 %
2026/10/07 23:16:01.640, 17424 MiB, 23034 MiB, 0 %
2026/10/07 23:16:03.641, 17424 MiB, 23034 MiB, 0 %
2026/10/07 23:16:05.641, 17424 MiB, 23034 MiB, 0 %
2026/10/07 23:16:07.642, 17424 MiB, 23034 MiB, 0 %
2026/10/07 23:16:09.643, 17424 MiB, 23034 MiB, 0 %
2026/10/07 23:16:11.644, 17424 MiB, 23034 MiB, 0 %
2026/10/07 23:16:13.645, 17424 MiB, 23034 MiB, 0 %
2026/10/07 23:16:15.647, 17424 MiB, 23034 MiB, 0 %
2026/10/07 23:16:17.647, 17424 MiB, 23034 MiB, 27 %
2026/10/07 23:16:19.648, 17424 MiB, 23034 MiB, 93 %
2026/10/07 23:16:21.649, 17424 MiB, 23034 MiB, 31 %
2026/10/07 23:16:23.650, 17424 MiB, 23034 MiB, 23 %
2026/10/07 23:16:25.651, 17424 MiB, 23034 MiB, 94 %
2026/10/07 23:16:27.652, 17424 MiB, 23034 MiB, 93 %
2026/10/07 23:16:29.653, 17424 MiB, 23034 MiB, 94 %
2026/10/07 23:16:31.654, 17424 MiB, 23034 MiB, 94 %
2026/10/07 23:16:33.655, 17424 MiB, 23034 MiB, 89 %
2026/10/07 23:16:35.656, 17424 MiB, 23034 MiB, 35 %
2026/10/07 23:16:37.657, 17424 MiB, 23034 MiB, 94 %
2026/10/07 23:16:39.658, 17424 MiB, 23034 MiB, 34 %
2026/10/07 23:16:41.658, 17424 MiB, 23034 MiB, 93 %
2026/10/07 23:16:43.659, 17424 MiB, 23034 MiB, 94 %
2026/10/07 23:16:45.660, 17424 MiB, 23034 MiB, 93 %
2026/10/07 23:16:47.661, 17424 MiB, 23034 MiB, 94 %
2026/10/07 23:16:49.662, 17424 MiB, 23034 MiB, 94 %
2026/10/07 23:16:51.663, 17424 MiB, 23034 MiB, 94 %
2026/10/07 23:16:53.663, 17424 MiB, 23034 MiB, 94 %
2026/10/07 23:16:55.664, 17424 MiB, 23034 MiB, 94 %
2026/10/07 23:16:57.665, 17424 MiB, 23034 MiB, 94 %
2026/10/07 23:16:59.665, 17424 MiB, 23034 MiB, 94 %
2026/10/07 23:17:01.666, 17424 MiB, 23034 MiB, 93 %
2026/10/07 23:17:03.667, 17424 MiB, 23034 MiB, 31 %
2026/10/07 23:17:05.668, 17424 MiB, 23034 MiB, 94 %
2026/10/07 23:17:07.669, 17424 MiB, 23034 MiB, 15 %
2026/10/07 23:17:09.669, 17424 MiB, 23034 MiB, 94 %
2026/10/07 23:17:11.670, 17424 MiB, 23034 MiB, 94 %
2026/10/07 23:17:13.671, 17424 MiB, 23034 MiB, 95 %
2026/10/07 23:17:15.672, 17424 MiB, 23034 MiB, 92 %
2026/10/07 23:17:17.673, 17424 MiB, 23034 MiB, 94 %
2026/10/07 23:17:19.674, 17424 MiB, 23034 MiB, 17 %
2026/10/07 23:17:21.674, 17424 MiB, 23034 MiB, 92 %
2026/10/07 23:17:23.675, 17424 MiB, 23034 MiB, 14 %
2026/10/07 23:17:25.676, 17424 MiB, 23034 MiB, 94 %
2026/10/07 23:17:27.677, 17424 MiB, 23034 MiB, 93 %
2026/10/07 23:17:29.678, 17424 MiB, 23034 MiB, 94 %
2026/10/07 23:17:31.678, 17424 MiB, 23034 MiB, 93 %
2026/10/07 23:17:33.679, 17424 MiB, 23034 MiB, 92 %
2026/10/07 23:17:35.680, 17424 MiB, 23034 MiB, 91 %
2026/10/07 23:17:37.681, 17424 MiB, 23034 MiB, 8 %
2026/10/07 23:17:39.681, 17424 MiB, 23034 MiB, 92 %
2026/10/07 23:17:41.682, 17424 MiB, 23034 MiB, 94 %
2026/10/07 23:17:43.683, 17424 MiB, 23034 MiB, 92 %
2026/10/07 23:17:45.684, 17424 MiB, 23034 MiB, 0 %
2026/10/07 23:17:47.684, 13345 MiB, 23034 MiB, 0 %
2026/10/07 23:17:49.685, 0 MiB, 23034 MiB, 1 %
2026/10/07 23:17:51.701, 0 MiB, 23034 MiB, 0 %
2026/10/07 23:17:53.702, 0 MiB, 23034 MiB, 0 %
2026/10/07 23:17:55.704, 0 MiB, 23034 MiB, 0 %
2026/10/07 23:17:57.704, 0 MiB, 23034 MiB, 0 %
2026/10/07 23:17:59.705, 0 MiB, 23034 MiB, 0 %
2026/10/07 23:18:01.706, 0 MiB, 23034 MiB, 0 %
2026/10/07 23:18:03.706, 0 MiB, 23034 MiB, 0 %
2026/10/07 23:18:05.707, 0 MiB, 23034 MiB, 0 %
2026/10/07 23:18:07.708, 0 MiB, 23034 MiB, 0 %
2026/10/07 23:18:09.709, 0 MiB, 23034 MiB, 0 %
2026/10/07 23:18:11.710, 0 MiB, 23034 MiB, 0 %
2026/10/07 23:18:13.710, 0 MiB, 23034 MiB, 0 %
2026/10/07 23:18:15.711, 0 MiB, 23034 MiB, 0 %
2026/10/07 23:18:17.712, 0 MiB, 23034 MiB, 0 %
2026/10/07 23:18:19.713, 0 MiB, 23034 MiB, 0 %
2026/10/07 23:18:21.714, 0 MiB, 23034 MiB, 0 %
2026/10/07 23:18:23.715, 0 MiB, 23034 MiB, 0 %
2026/10/07 23:18:25.716, 0 MiB, 23034 MiB, 0 %
2026/10/07 23:18:27.716, 0 MiB, 23034 MiB, 0 %
2026/10/07 23:18:29.717, 0 MiB, 23034 MiB, 0 %
2026/10/07 23:18:31.718, 227 MiB, 23034 MiB, 4 %
2026/10/07 23:18:33.718, 9279 MiB, 23034 MiB, 0 %
2026/10/07 23:18:35.719, 9279 MiB, 23034 MiB, 0 %
2026/10/07 23:18:37.720, 9279 MiB, 23034 MiB, 0 %
2026/10/07 23:18:39.720, 9279 MiB, 23034 MiB, 0 %
2026/10/07 23:18:41.721, 9279 MiB, 23034 MiB, 0 %
2026/10/07 23:18:43.722, 9279 MiB, 23034 MiB, 0 %
2026/10/07 23:18:45.723, 9279 MiB, 23034 MiB, 0 %
2026/10/07 23:18:47.724, 9279 MiB, 23034 MiB, 0 %
2026/10/07 23:18:49.725, 9279 MiB, 23034 MiB, 0 %
2026/10/07 23:18:51.725, 9279 MiB, 23034 MiB, 0 %
2026/10/07 23:18:53.726, 9279 MiB, 23034 MiB, 0 %
2026/10/07 23:18:55.727, 9279 MiB, 23034 MiB, 0 %
2026/10/07 23:18:57.728, 9279 MiB, 23034 MiB, 0 %
2026/10/07 23:18:59.729, 9279 MiB, 23034 MiB, 0 %
2026/10/07 23:19:01.730, 9279 MiB, 23034 MiB, 0 %
2026/10/07 23:19:03.732, 9279 MiB, 23034 MiB, 0 %
2026/10/07 23:19:05.733, 9279 MiB, 23034 MiB, 0 %
2026/10/07 23:19:07.734, 9279 MiB, 23034 MiB, 0 %
2026/10/07 23:19:09.734, 9279 MiB, 23034 MiB, 0 %
2026/10/07 23:19:11.735, 9279 MiB, 23034 MiB, 0 %
2026/10/07 23:19:13.736, 9279 MiB, 23034 MiB, 0 %
2026/10/07 23:19:15.737, 9279 MiB, 23034 MiB, 0 %
2026/10/07 23:19:17.737, 9279 MiB, 23034 MiB, 0 %
2026/10/07 23:19:19.738, 9279 MiB, 23034 MiB, 0 %
2026/10/07 23:19:21.739, 9279 MiB, 23034 MiB, 0 %
2026/10/07 23:19:23.740, 9279 MiB, 23034 MiB, 0 %
2026/10/07 23:19:25.740, 9279 MiB, 23034 MiB, 0 %
2026/10/07 23:19:27.741, 9279 MiB, 23034 MiB, 0 %
2026/10/07 23:19:29.742, 9279 MiB, 23034 MiB, 0 %
2026/10/07 23:19:31.742, 9279 MiB, 23034 MiB, 0 %
2026/10/07 23:19:33.743, 9279 MiB, 23034 MiB, 0 %
2026/10/07 23:19:35.744, 9279 MiB, 23034 MiB, 0 %
2026/10/07 23:19:37.744, 9279 MiB, 23034 MiB, 0 %
2026/10/07 23:19:39.745, 9279 MiB, 23034 MiB, 0 %
2026/10/07 23:19:41.745, 9279 MiB, 23034 MiB, 0 %
2026/10/07 23:19:43.746, 9279 MiB, 23034 MiB, 0 %
2026/10/07 23:19:45.747, 9279 MiB, 23034 MiB, 0 %
2026/10/07 23:19:47.747, 9279 MiB, 23034 MiB, 0 %
2026/10/07 23:19:49.748, 9279 MiB, 23034 MiB, 0 %
2026/10/07 23:19:51.748, 9279 MiB, 23034 MiB, 0 %
2026/10/07 23:19:53.749, 9279 MiB, 23034 MiB, 52 %
2026/10/07 23:19:55.750, 9279 MiB, 23034 MiB, 46 %
2026/10/07 23:19:57.751, 9259 MiB, 23034 MiB, 0 %
2026/10/07 23:19:59.751, 9259 MiB, 23034 MiB, 0 %
2026/10/07 23:20:01.752, 9259 MiB, 23034 MiB, 0 %
2026/10/07 23:20:03.753, 9259 MiB, 23034 MiB, 0 %
2026/10/07 23:20:05.754, 9259 MiB, 23034 MiB, 0 %
2026/10/07 23:20:07.755, 9259 MiB, 23034 MiB, 0 %
2026/10/07 23:20:09.755, 9259 MiB, 23034 MiB, 0 %
2026/10/07 23:20:11.756, 9259 MiB, 23034 MiB, 0 %
2026/10/07 23:20:13.757, 9259 MiB, 23034 MiB, 0 %
2026/10/07 23:20:15.758, 9259 MiB, 23034 MiB, 0 %
2026/10/07 23:20:17.758, 9259 MiB, 23034 MiB, 0 %
2026/10/07 23:20:19.759, 9259 MiB, 23034 MiB, 0 %
2026/10/07 23:20:21.760, 9259 MiB, 23034 MiB, 0 %
2026/10/07 23:20:23.761, 9259 MiB, 23034 MiB, 0 %
2026/10/07 23:20:25.763, 9259 MiB, 23034 MiB, 0 %
2026/10/07 23:20:27.764, 9259 MiB, 23034 MiB, 0 %
2026/10/07 23:20:29.764, 9259 MiB, 23034 MiB, 0 %
2026/10/07 23:20:31.765, 9259 MiB, 23034 MiB, 0 %
2026/10/07 23:20:33.766, 9259 MiB, 23034 MiB, 0 %
2026/10/07 23:20:35.767, 9259 MiB, 23034 MiB, 0 %
2026/10/07 23:20:37.768, 9259 MiB, 23034 MiB, 0 %
2026/10/07 23:20:39.768, 9259 MiB, 23034 MiB, 0 %
2026/10/07 23:20:41.769, 9259 MiB, 23034 MiB, 0 %
2026/10/07 23:20:43.770, 9259 MiB, 23034 MiB, 0 %
2026/10/07 23:20:45.771, 9261 MiB, 23034 MiB, 0 %
2026/10/07 23:20:47.772, 9261 MiB, 23034 MiB, 0 %
2026/10/07 23:20:49.772, 9261 MiB, 23034 MiB, 0 %
2026/10/07 23:20:51.773, 9261 MiB, 23034 MiB, 0 %
2026/10/07 23:20:53.774, 9261 MiB, 23034 MiB, 0 %
2026/10/07 23:20:55.774, 9261 MiB, 23034 MiB, 0 %
2026/10/07 23:20:57.776, 9261 MiB, 23034 MiB, 0 %
2026/10/07 23:20:59.781, 9261 MiB, 23034 MiB, 0 %
2026/10/07 23:21:01.782, 9261 MiB, 23034 MiB, 0 %
2026/10/07 23:21:03.782, 9261 MiB, 23034 MiB, 0 %
2026/10/07 23:21:05.783, 9261 MiB, 23034 MiB, 0 %
2026/10/07 23:21:07.784, 9261 MiB, 23034 MiB, 0 %
2026/10/07 23:21:09.785, 9261 MiB, 23034 MiB, 0 %
2026/10/07 23:21:11.786, 9261 MiB, 23034 MiB, 0 %
2026/10/07 23:21:13.787, 9263 MiB, 23034 MiB, 0 %
2026/10/07 23:21:15.787, 9263 MiB, 23034 MiB, 0 %
2026/10/07 23:21:17.788, 9263 MiB, 23034 MiB, 0 %
2026/10/07 23:21:19.789, 9531 MiB, 23034 MiB, 97 %
2026/10/07 23:21:21.790, 9579 MiB, 23034 MiB, 96 %
2026/10/07 23:21:23.791, 9579 MiB, 23034 MiB, 97 %
2026/10/07 23:21:25.791, 9579 MiB, 23034 MiB, 97 %
2026/10/07 23:21:27.792, 9579 MiB, 23034 MiB, 97 %
2026/10/07 23:21:29.793, 9579 MiB, 23034 MiB, 99 %
2026/10/07 23:21:31.794, 9579 MiB, 23034 MiB, 98 %
2026/10/07 23:21:33.795, 9579 MiB, 23034 MiB, 98 %
2026/10/07 23:21:35.796, 9579 MiB, 23034 MiB, 98 %
2026/10/07 23:21:37.796, 9579 MiB, 23034 MiB, 98 %
2026/10/07 23:21:39.797, 9579 MiB, 23034 MiB, 98 %
2026/10/07 23:21:41.798, 9579 MiB, 23034 MiB, 98 %
2026/10/07 23:21:43.799, 9579 MiB, 23034 MiB, 98 %
2026/10/07 23:21:45.800, 9579 MiB, 23034 MiB, 98 %
2026/10/07 23:21:47.800, 9579 MiB, 23034 MiB, 97 %
2026/10/07 23:21:49.801, 9579 MiB, 23034 MiB, 98 %
2026/10/07 23:21:51.802, 9579 MiB, 23034 MiB, 97 %
2026/10/07 23:21:53.802, 9579 MiB, 23034 MiB, 98 %
2026/10/07 23:21:55.803, 10937 MiB, 23034 MiB, 0 %
2026/10/07 23:21:57.804, 18007 MiB, 23034 MiB, 0 %
2026/10/07 23:21:59.806, 18145 MiB, 23034 MiB, 2 %
2026/10/07 23:22:01.810, 18263 MiB, 23034 MiB, 76 %
2026/10/07 23:22:03.811, 18365 MiB, 23034 MiB, 24 %
2026/10/07 23:22:05.812, 18463 MiB, 23034 MiB, 21 %
2026/10/07 23:22:07.813, 18545 MiB, 23034 MiB, 38 %
2026/10/07 23:22:09.814, 18619 MiB, 23034 MiB, 0 %
2026/10/07 23:22:11.814, 20079 MiB, 23034 MiB, 0 %
2026/10/07 23:22:13.815, 20079 MiB, 23034 MiB, 0 %
2026/10/07 23:22:15.816, 20079 MiB, 23034 MiB, 0 %
2026/10/07 23:22:17.817, 20079 MiB, 23034 MiB, 97 %
2026/10/07 23:22:19.818, 20079 MiB, 23034 MiB, 96 %
2026/10/07 23:22:21.818, 20079 MiB, 23034 MiB, 74 %
2026/10/07 23:22:23.819, 20079 MiB, 23034 MiB, 96 %
2026/10/07 23:22:25.820, 20079 MiB, 23034 MiB, 79 %
2026/10/07 23:22:27.821, 20079 MiB, 23034 MiB, 96 %
2026/10/07 23:22:29.822, 20079 MiB, 23034 MiB, 79 %
2026/10/07 23:22:31.823, 20079 MiB, 23034 MiB, 97 %
2026/10/07 23:22:33.823, 20079 MiB, 23034 MiB, 97 %
2026/10/07 23:22:35.824, 20079 MiB, 23034 MiB, 97 %
2026/10/07 23:22:37.825, 20079 MiB, 23034 MiB, 97 %
2026/10/07 23:22:39.826, 20079 MiB, 23034 MiB, 95 %
2026/10/07 23:22:41.826, 20079 MiB, 23034 MiB, 96 %
2026/10/07 23:22:43.827, 20079 MiB, 23034 MiB, 97 %
2026/10/07 23:22:45.828, 20079 MiB, 23034 MiB, 96 %
2026/10/07 23:22:47.829, 20079 MiB, 23034 MiB, 97 %
2026/10/07 23:22:49.830, 20079 MiB, 23034 MiB, 97 %
2026/10/07 23:22:51.831, 20079 MiB, 23034 MiB, 97 %
2026/10/07 23:22:53.831, 20079 MiB, 23034 MiB, 94 %
2026/10/07 23:22:55.832, 20079 MiB, 23034 MiB, 97 %
2026/10/07 23:22:57.833, 20079 MiB, 23034 MiB, 96 %
2026/10/07 23:22:59.834, 20079 MiB, 23034 MiB, 96 %
2026/10/07 23:23:01.835, 20079 MiB, 23034 MiB, 94 %
2026/10/07 23:23:03.835, 20079 MiB, 23034 MiB, 95 %
2026/10/07 23:23:05.837, 20079 MiB, 23034 MiB, 97 %
2026/10/07 23:23:07.838, 20079 MiB, 23034 MiB, 97 %
2026/10/07 23:23:09.839, 20079 MiB, 23034 MiB, 95 %
2026/10/07 23:23:11.840, 20079 MiB, 23034 MiB, 96 %
2026/10/07 23:23:13.840, 20079 MiB, 23034 MiB, 97 %
2026/10/07 23:23:15.841, 20079 MiB, 23034 MiB, 97 %
2026/10/07 23:23:17.842, 20079 MiB, 23034 MiB, 95 %
2026/10/07 23:23:19.842, 20079 MiB, 23034 MiB, 96 %
2026/10/07 23:23:21.843, 20079 MiB, 23034 MiB, 92 %
2026/10/07 23:23:23.843, 20079 MiB, 23034 MiB, 97 %
2026/10/07 23:23:25.844, 20079 MiB, 23034 MiB, 97 %
2026/10/07 23:23:27.845, 20079 MiB, 23034 MiB, 96 %
2026/10/07 23:23:29.846, 20079 MiB, 23034 MiB, 97 %
2026/10/07 23:23:31.846, 20079 MiB, 23034 MiB, 97 %
2026/10/07 23:23:33.847, 20079 MiB, 23034 MiB, 96 %
2026/10/07 23:23:35.848, 20079 MiB, 23034 MiB, 96 %
2026/10/07 23:23:37.849, 20079 MiB, 23034 MiB, 97 %
2026/10/07 23:23:39.850, 20079 MiB, 23034 MiB, 96 %
2026/10/07 23:23:41.850, 20079 MiB, 23034 MiB, 97 %
2026/10/07 23:23:43.851, 20079 MiB, 23034 MiB, 97 %
2026/10/07 23:23:45.852, 20079 MiB, 23034 MiB, 96 %
2026/10/07 23:23:47.853, 20079 MiB, 23034 MiB, 96 %
2026/10/07 23:23:49.854, 20079 MiB, 23034 MiB, 97 %
2026/10/07 23:23:51.854, 20079 MiB, 23034 MiB, 97 %
2026/10/07 23:23:53.855, 20079 MiB, 23034 MiB, 94 %
2026/10/07 23:23:55.856, 20079 MiB, 23034 MiB, 96 %
2026/10/07 23:23:57.857, 20079 MiB, 23034 MiB, 97 %
2026/10/07 23:23:59.858, 20079 MiB, 23034 MiB, 96 %
2026/10/07 23:24:01.859, 20079 MiB, 23034 MiB, 96 %
2026/10/07 23:24:03.859, 20079 MiB, 23034 MiB, 97 %
2026/10/07 23:24:05.860, 20079 MiB, 23034 MiB, 85 %
2026/10/07 23:24:07.861, 20079 MiB, 23034 MiB, 97 %
2026/10/07 23:24:09.862, 20079 MiB, 23034 MiB, 77 %
2026/10/07 23:24:11.863, 20079 MiB, 23034 MiB, 96 %
2026/10/07 23:24:13.863, 20079 MiB, 23034 MiB, 75 %
2026/10/07 23:24:15.864, 20079 MiB, 23034 MiB, 96 %
2026/10/07 23:24:17.865, 20079 MiB, 23034 MiB, 78 %
2026/10/07 23:24:19.866, 20079 MiB, 23034 MiB, 97 %
2026/10/07 23:24:21.867, 20079 MiB, 23034 MiB, 95 %
2026/10/07 23:24:23.867, 20079 MiB, 23034 MiB, 97 %
2026/10/07 23:24:25.868, 20079 MiB, 23034 MiB, 95 %
2026/10/07 23:24:27.869, 20079 MiB, 23034 MiB, 93 %
2026/10/07 23:24:29.870, 20079 MiB, 23034 MiB, 95 %
2026/10/07 23:24:31.870, 20079 MiB, 23034 MiB, 96 %
2026/10/07 23:24:33.871, 20079 MiB, 23034 MiB, 96 %
2026/10/07 23:24:35.872, 20079 MiB, 23034 MiB, 95 %
2026/10/07 23:24:37.873, 20079 MiB, 23034 MiB, 97 %
2026/10/07 23:24:39.874, 20079 MiB, 23034 MiB, 97 %
2026/10/07 23:24:41.875, 20079 MiB, 23034 MiB, 95 %
2026/10/07 23:24:43.875, 20079 MiB, 23034 MiB, 94 %
2026/10/07 23:24:45.876, 20079 MiB, 23034 MiB, 97 %
2026/10/07 23:24:47.877, 20079 MiB, 23034 MiB, 97 %
2026/10/07 23:24:49.878, 20079 MiB, 23034 MiB, 96 %
2026/10/07 23:24:51.879, 20079 MiB, 23034 MiB, 97 %
2026/10/07 23:24:53.879, 20079 MiB, 23034 MiB, 97 %
2026/10/07 23:24:55.880, 20079 MiB, 23034 MiB, 96 %
2026/10/07 23:24:57.881, 20079 MiB, 23034 MiB, 97 %
2026/10/07 23:24:59.882, 20079 MiB, 23034 MiB, 97 %
2026/10/07 23:25:01.883, 20079 MiB, 23034 MiB, 95 %
2026/10/07 23:25:03.884, 20079 MiB, 23034 MiB, 97 %
2026/10/07 23:25:05.884, 20079 MiB, 23034 MiB, 96 %
2026/10/07 23:25:07.885, 20079 MiB, 23034 MiB, 97 %
2026/10/07 23:25:09.887, 20079 MiB, 23034 MiB, 96 %
2026/10/07 23:25:11.887, 20079 MiB, 23034 MiB, 97 %
2026/10/07 23:25:13.888, 20079 MiB, 23034 MiB, 96 %
2026/10/07 23:25:15.889, 20079 MiB, 23034 MiB, 97 %
2026/10/07 23:25:17.890, 20079 MiB, 23034 MiB, 97 %
2026/10/07 23:25:19.891, 20079 MiB, 23034 MiB, 97 %
2026/10/07 23:25:21.891, 20079 MiB, 23034 MiB, 97 %
2026/10/07 23:25:23.892, 20079 MiB, 23034 MiB, 95 %
2026/10/07 23:25:25.893, 20079 MiB, 23034 MiB, 0 %
2026/10/07 23:25:27.894, 20079 MiB, 23034 MiB, 0 %
2026/10/07 23:25:29.895, 0 MiB, 23034 MiB, 0 %
2026/10/07 23:25:31.896, 0 MiB, 23034 MiB, 0 %
2026/10/07 23:25:33.897, 0 MiB, 23034 MiB, 0 %
2026/10/07 23:25:35.898, 0 MiB, 23034 MiB, 0 %
2026/10/07 23:25:37.899, 0 MiB, 23034 MiB, 0 %
2026/10/07 23:25:39.900, 0 MiB, 23034 MiB, 0 %
2026/10/07 23:25:41.901, 0 MiB, 23034 MiB, 0 %
2026/10/07 23:25:43.902, 0 MiB, 23034 MiB, 0 %
2026/10/07 23:25:45.903, 0 MiB, 23034 MiB, 0 %
2026/10/07 23:25:47.904, 0 MiB, 23034 MiB, 0 %
2026/10/07 23:25:49.905, 0 MiB, 23034 MiB, 0 %
2026/10/07 23:25:51.906, 0 MiB, 23034 MiB, 0 %
2026/10/07 23:25:53.906, 0 MiB, 23034 MiB, 0 %
2026/10/07 23:25:55.907, 0 MiB, 23034 MiB, 0 %
2026/10/07 23:25:57.908, 0 MiB, 23034 MiB, 0 %
2026/10/07 23:25:59.909, 0 MiB, 23034 MiB, 0 %
2026/10/07 23:26:01.910, 0 MiB, 23034 MiB, 0 %
2026/10/07 23:26:03.911, 0 MiB, 23034 MiB, 0 %
2026/10/07 23:26:05.912, 0 MiB, 23034 MiB, 0 %
2026/10/07 23:26:07.913, 0 MiB, 23034 MiB, 0 %
2026/10/07 23:26:09.914, 0 MiB, 23034 MiB, 0 %
2026/10/07 23:26:11.915, 0 MiB, 23034 MiB, 0 %
2026/10/07 23:26:13.916, 0 MiB, 23034 MiB, 0 %
2026/10/07 23:26:15.917, 0 MiB, 23034 MiB, 0 %
2026/10/07 23:26:17.918, 0 MiB, 23034 MiB, 0 %
2026/10/07 23:26:19.919, 0 MiB, 23034 MiB, 0 %
2026/10/07 23:26:21.920, 0 MiB, 23034 MiB, 0 %
2026/10/07 23:26:23.921, 0 MiB, 23034 MiB, 0 %
2026/10/07 23:26:25.922, 0 MiB, 23034 MiB, 0 %
2026/10/07 23:26:27.923, 0 MiB, 23034 MiB, 0 %
2026/10/07 23:26:29.924, 0 MiB, 23034 MiB, 0 %
2026/10/07 23:26:31.925, 0 MiB, 23034 MiB, 0 %
